site_id,n_measurements,first_date,last_date
747.0,2,2005-07-04,2005-07-04
748.0,2,2005-07-05,2005-07-05
749.0,2,2005-07-05,2005-07-05
750.0,2,2005-07-05,2005-07-05
751.0,2,2005-07-06,2005-07-06
752.0,2,2005-07-06,2005-07-06
753.0,2,2005-07-07,2005-07-07
754.0,2,2005-07-07,2005-07-07
755.0,2,1993-04-21,1993-04-21
756.0,2,1993-04-22,1993-04-22
757.0,2,1993-04-22,1993-04-22
758.0,2,1993-04-27,1993-04-27
759.0,2,1993-04-27,1993-04-27
760.0,2,1993-04-28,1993-04-28
761.0,2,2012-08-29,2012-08-29
762.0,2,2012-08-30,2012-08-30
763.0,2,2012-08-30,2012-08-30
764.0,2,1999-05-03,1999-05-03
765.0,2,1999-05-04,1999-05-04
766.0,2,1999-05-04,1999-05-04
767.0,2,1999-05-05,1999-05-05
768.0,2,1999-05-06,1999-05-06
769.0,2,1999-05-06,1999-05-06
770.0,2,1988-05-26,1988-05-26
771.0,2,1988-05-26,1988-05-26
772.0,2,1988-05-27,1988-05-27
773.0,2,1988-05-30,1988-05-30
774.0,2,1988-05-31,1988-05-31
775.0,2,1993-06-08,1993-06-08
776.0,2,1993-06-09,1993-06-09
777.0,2,1991-09-16,1991-09-16
778.0,2,1991-09-17,1991-09-17
779.0,2,1988-08-29,1988-08-29
780.0,2,1988-08-29,1988-08-29
781.0,2,1988-08-30,1988-08-30
782.0,2,1988-08-30,1988-08-30
783.0,2,1988-08-30,1988-08-30
784.0,2,1988-08-30,1988-08-30
785.0,2,1988-08-31,1988-08-31
786.0,2,1996-06-24,1996-06-24
787.0,2,1996-06-24,1996-06-24
788.0,2,1996-06-24,1996-06-24
789.0,2,1996-06-25,1996-06-25
790.0,2,1996-06-25,1996-06-25
791.0,2,1996-06-25,1996-06-25
792.0,2,1996-06-26,1996-06-26
793.0,2,1996-06-26,1996-06-26
794.0,2,1996-06-26,1996-06-26
795.0,2,1996-06-27,1996-06-27
796.0,2,1996-06-27,1996-06-27
797.0,2,1996-06-27,1996-06-27
798.0,2,2001-08-30,2001-08-30
799.0,2,2001-08-30,2001-08-30
800.0,2,2001-08-31,2001-08-31
801.0,2,2001-09-03,2001-09-03
802.0,2,2006-10-05,2006-10-05
803.0,2,2006-10-04,2006-10-04
804.0,2,2006-10-04,2006-10-04
805.0,2,2006-10-04,2006-10-04
806.0,2,2007-10-15,2007-10-15
807.0,2,2007-10-22,2007-10-22
808.0,2,2007-10-22,2007-10-22
809.0,2,2007-10-23,2007-10-23
810.0,2,2007-10-23,2007-10-23
811.0,2,2007-10-17,2007-10-17
812.0,2,1987-08-20,1987-08-20
813.0,2,1987-08-20,1987-08-20
814.0,2,1987-08-20,1987-08-20
815.0,2,1987-08-21,1987-08-21
816.0,2,1993-08-31,1993-08-31
817.0,2,1993-08-31,1993-08-31
818.0,2,1993-09-01,1993-09-01
819.0,2,1990-10-10,1990-10-10
820.0,2,1990-10-11,1990-10-11
821.0,2,1990-10-11,1990-10-11
822.0,2,1991-07-02,1991-07-02
823.0,2,1991-07-02,1991-07-02
824.0,2,1991-07-03,1991-07-03
825.0,2,1991-07-04,1991-07-04
826.0,2,1991-07-04,1991-07-04
827.0,2,2000-09-25,2000-09-25
828.0,2,2000-09-26,2000-09-26
829.0,2,1989-03-06,1989-03-06
830.0,2,1989-03-07,1989-03-07
831.0,2,1989-03-08,1989-03-08
832.0,2,1989-03-08,1989-03-08
833.0,2,1989-03-09,1989-03-09
834.0,2,1989-03-10,1989-03-10
835.0,2,2000-04-04,2000-04-04
836.0,2,2000-04-05,2000-04-05
837.0,2,2000-04-05,2000-04-05
838.0,2,2000-04-05,2000-04-05
839.0,2,2005-09-07,2005-09-07
840.0,2,2005-09-07,2005-09-07
841.0,2,1988-08-14,1988-08-14
842.0,2,1988-06-16,1988-06-16
843.0,2,1988-06-15,1988-06-15
844.0,2,1988-06-16,1988-06-16
845.0,2,1988-06-20,1988-06-20
846.0,2,1988-06-21,1988-06-21
847.0,2,1991-05-13,1991-05-13
848.0,2,1991-05-14,1991-05-14
849.0,2,1991-05-14,1991-05-14
850.0,2,1991-05-15,1991-05-15
851.0,2,1991-05-15,1991-05-15
852.0,2,1991-05-15,1991-05-15
853.0,2,1991-05-15,1991-05-15
854.0,2,1991-05-21,1991-05-21
855.0,2,2012-07-12,2012-07-12
856.0,2,2012-07-11,2012-07-11
857.0,2,1990-07-30,1990-07-30
858.0,2,1990-07-31,1990-07-31
859.0,2,1990-07-31,1990-07-31
860.0,2,1990-08-02,1990-08-02
861.0,2,1990-08-06,1990-08-06
862.0,2,2004-08-31,2004-08-31
863.0,2,2004-08-31,2004-08-31
864.0,2,2004-08-31,2004-08-31
865.0,2,2004-09-01,2004-09-01
866.0,2,1991-06-03,1991-06-03
867.0,2,1991-06-04,1991-06-04
868.0,2,1999-04-26,1999-04-26
869.0,2,1999-04-27,1999-04-27
870.0,2,1999-04-27,1999-04-27
871.0,2,1999-04-28,1999-04-28
872.0,2,1999-04-28,1999-04-28
873.0,2,1999-04-29,1999-04-29
874.0,2,1999-04-29,1999-04-29
875.0,2,1999-04-30,1999-04-30
876.0,2,1995-08-08,1995-08-08
877.0,2,1995-08-08,1995-08-08
878.0,2,1995-08-08,1995-08-08
879.0,2,1995-08-08,1995-08-08
880.0,2,2012-08-29,2012-08-29
881.0,2,2012-08-29,2012-08-29
882.0,2,2012-08-28,2012-08-28
883.0,2,2012-08-29,2012-08-29
884.0,2,2012-08-30,2012-08-30
885.0,2,1991-04-18,1991-04-18
886.0,2,1991-04-24,1991-04-24
887.0,2,1991-04-25,1991-04-25
888.0,2,1991-04-25,1991-04-25
889.0,2,1991-04-26,1991-04-26
890.0,2,1996-10-23,1996-10-23
891.0,2,1996-10-23,1996-10-23
892.0,2,1996-10-23,1996-10-23
893.0,2,2008-05-21,2008-05-21
894.0,2,2008-05-21,2008-05-21
895.0,2,2008-05-21,2008-05-21
896.0,2,1988-10-04,1988-10-04
897.0,2,1988-10-11,1988-10-11
898.0,2,1988-10-06,1988-10-06
899.0,2,1988-10-06,1988-10-06
900.0,2,1988-10-12,1988-10-12
901.0,2,1988-10-13,1988-10-13
902.0,2,1988-10-14,1988-10-14
903.0,2,1998-06-08,1998-06-08
904.0,2,1998-06-09,1998-06-09
905.0,2,1998-06-08,1998-06-08
906.0,2,1998-06-09,1998-06-09
907.0,2,1998-06-10,1998-06-10
908.0,2,1998-06-10,1998-06-10
909.0,2,1998-06-10,1998-06-10
910.0,2,1998-06-11,1998-06-11
911.0,2,1998-06-11,1998-06-11
912.0,2,1998-06-12,1998-06-12
913.0,2,2014-06-25,2014-06-25
914.0,2,2014-06-24,2014-06-24
915.0,2,2014-06-24,2014-06-24
916.0,2,2014-06-24,2014-06-24
917.0,2,1992-02-18,1992-02-18
918.0,2,1992-02-19,1992-02-19
919.0,2,1992-02-20,1992-02-20
920.0,2,1994-04-13,1994-04-13
921.0,2,1994-04-25,1994-04-25
922.0,2,1994-09-29,1994-09-29
923.0,2,1994-10-04,1994-10-04
924.0,2,1994-10-05,1994-10-05
925.0,2,1994-10-05,1994-10-05
926.0,2,1994-10-06,1994-10-06
927.0,2,1994-10-06,1994-10-06
928.0,2,1994-10-11,1994-10-11
929.0,2,1994-10-11,1994-10-11
930.0,2,1995-02-15,1995-02-15
931.0,2,1995-02-15,1995-02-15
932.0,8,2011-05-23,2011-10-24
935.0,2,1999-06-22,1999-06-22
936.0,2,1999-06-22,1999-06-22
937.0,2,1999-06-22,1999-06-22
938.0,2,1999-06-22,1999-06-22
939.0,2,1989-09-12,1989-09-12
940.0,2,1989-09-13,1989-09-13
941.0,2,1989-09-14,1989-09-14
942.0,2,1989-09-14,1989-09-14
946.0,8,2003-03-20,2005-06-15
948.0,6,2003-03-24,2005-06-02
950.0,2,1996-09-21,1996-09-21
951.0,2,1996-09-23,1996-09-23
952.0,2,1996-09-24,1996-09-24
953.0,2,1999-09-09,1999-09-09
954.0,2,2000-06-21,2000-06-21
955.0,2,2000-06-22,2000-06-22
956.0,2,2000-06-26,2000-06-26
957.0,2,2000-06-27,2000-06-27
958.0,2,1994-05-18,1994-05-18
959.0,2,1994-05-19,1994-05-19
960.0,2,2006-10-30,2006-10-30
961.0,2,2006-10-30,2006-10-30
962.0,2,1994-06-15,1994-06-15
963.0,2,1994-06-15,1994-06-15
964.0,2,1994-06-15,1994-06-15
965.0,2,1994-06-16,1994-06-16
966.0,2,1993-06-10,1993-06-10
967.0,2,1993-06-11,1993-06-11
968.0,2,1993-06-12,1993-06-12
969.0,2,1993-06-16,1993-06-16
970.0,2,1993-06-15,1993-06-15
971.0,2,1993-06-14,1993-06-14
972.0,2,1996-04-09,1996-04-09
973.0,2,1996-04-12,1996-04-12
974.0,2,1996-04-12,1996-04-12
975.0,2,1996-04-12,1996-04-12
976.0,2,1994-05-30,1994-05-30
977.0,2,1994-05-31,1994-05-31
978.0,2,1994-05-31,1994-05-31
979.0,2,1994-06-01,1994-06-01
980.0,2,1994-06-01,1994-06-01
981.0,2,1994-06-02,1994-06-02
982.0,2,2015-11-05,2015-11-05
984.0,2,1990-03-20,1990-03-20
985.0,2,1990-03-20,1990-03-20
986.0,2,1990-03-21,1990-03-21
987.0,2,1990-03-21,1990-03-21
988.0,2,1991-11-05,1991-11-05
989.0,2,1991-11-06,1991-11-06
990.0,2,1991-11-12,1991-11-12
991.0,2,1991-11-13,1991-11-13
992.0,2,1988-05-18,1988-05-18
993.0,2,1988-05-18,1988-05-18
994.0,2,1988-05-19,1988-05-19
995.0,2,2003-08-26,2003-08-26
996.0,2,2003-08-27,2003-08-27
997.0,2,2003-08-27,2003-08-27
998.0,2,2003-09-01,2003-09-01
999.0,2,2003-08-28,2003-08-28
1000.0,2,1994-04-18,1994-04-18
1001.0,2,1994-04-19,1994-04-19
1002.0,2,1994-04-21,1994-04-21
1003.0,2,1994-04-20,1994-04-20
1004.0,2,2006-09-06,2006-09-06
1005.0,2,2006-09-06,2006-09-06
1006.0,2,1991-06-17,1991-06-17
1007.0,2,1991-06-18,1991-06-18
1008.0,2,1991-06-18,1991-06-18
1009.0,2,1991-06-19,1991-06-19
1010.0,2,1992-08-10,1992-08-10
1011.0,2,1992-08-11,1992-08-11
1012.0,2,1994-05-04,1994-05-04
1013.0,2,1994-05-04,1994-05-04
1014.0,2,1990-07-04,1990-07-04
1015.0,2,1990-07-04,1990-07-04
1016.0,2,1992-09-02,1992-09-02
1017.0,2,1992-09-02,1992-09-02
1018.0,2,1992-09-29,1992-09-29
1019.0,2,1992-09-30,1992-09-30
1020.0,2,2006-05-08,2006-05-08
1021.0,2,2006-05-09,2006-05-09
1022.0,2,2005-09-12,2005-09-12
1023.0,2,2005-09-12,2005-09-12
1024.0,2,2005-09-13,2005-09-13
1025.0,2,2005-09-13,2005-09-13
1026.0,2,2006-09-21,2006-09-21
1027.0,2,2006-09-21,2006-09-21
1028.0,2,1996-10-29,1996-10-29
1029.0,2,1996-10-30,1996-10-30
1030.0,2,2006-09-04,2006-09-04
1031.0,2,2006-09-05,2006-09-05
1032.0,2,2006-09-05,2006-09-05
1033.0,2,1994-05-25,1994-05-25
1034.0,2,1994-05-26,1994-05-26
1035.0,2,2004-11-01,2004-11-01
1036.0,2,2004-11-01,2004-11-01
1037.0,2,2004-11-02,2004-11-02
1038.0,2,2004-11-02,2004-11-02
1039.0,2,2003-10-31,2003-10-31
1040.0,2,2003-10-31,2003-10-31
1041.0,2,2003-11-03,2003-11-03
1042.0,2,2003-11-03,2003-11-03
1043.0,2,2003-11-07,2003-11-07
1044.0,2,2003-11-06,2003-11-06
1045.0,2,2003-11-06,2003-11-06
1046.0,2,1998-09-01,1998-09-01
1047.0,2,1998-09-02,1998-09-02
1048.0,2,1999-10-13,1999-10-13
1049.0,2,1999-10-14,1999-10-14
1050.0,2,1998-09-01,1998-09-01
1051.0,2,1998-09-02,1998-09-02
1052.0,2,1999-10-13,1999-10-13
1053.0,2,1999-10-14,1999-10-14
1054.0,2,1998-04-01,1998-04-01
1055.0,2,1998-04-01,1998-04-01
1056.0,2,1998-04-03,1998-04-03
1057.0,2,1998-04-02,1998-04-02
1058.0,2,1992-09-04,1992-09-04
1059.0,2,1992-08-27,1992-08-27
1060.0,2,1999-06-23,1999-06-23
1061.0,2,1999-06-23,1999-06-23
1062.0,2,1999-06-23,1999-06-23
1063.0,2,1999-06-23,1999-06-23
1064.0,2,1994-05-24,1994-05-24
1065.0,2,1994-05-25,1994-05-25
1066.0,2,1985-09-17,1985-09-17
1067.0,2,1985-09-19,1985-09-19
1068.0,2,1985-09-17,1985-09-17
1069.0,2,1985-09-16,1985-09-16
1070.0,2,1985-09-16,1985-09-16
1072.0,2,2005-06-07,2005-06-07
1073.0,2,2005-06-08,2005-06-08
1074.0,2,2005-06-09,2005-06-09
1075.0,2,1995-08-15,1995-08-15
1076.0,2,1995-08-15,1995-08-15
1077.0,2,1995-08-16,1995-08-16
1078.0,2,1995-08-16,1995-08-16
1079.0,2,1991-08-14,1991-08-14
1080.0,2,1991-08-14,1991-08-14
1081.0,2,1991-08-20,1991-08-20
1082.0,2,1991-08-21,1991-08-21
1083.0,2,1991-08-23,1991-08-23
1084.0,2,2001-09-06,2001-09-06
1085.0,2,2001-09-06,2001-09-06
1086.0,2,1994-09-22,1994-09-22
1087.0,2,1994-09-22,1994-09-22
1088.0,2,1995-10-17,1995-10-17
1089.0,2,1995-10-17,1995-10-17
1090.0,2,2006-03-09,2006-03-09
1091.0,2,1994-10-17,1994-10-17
1092.0,2,1995-10-17,1995-10-17
1093.0,2,1995-10-17,1995-10-17
1094.0,2,1995-10-16,1995-10-16
1095.0,2,1995-10-16,1995-10-16
1096.0,2,1995-10-17,1995-10-17
1097.0,2,1995-10-17,1995-10-17
1098.0,2,1995-10-18,1995-10-18
1099.0,2,1995-10-18,1995-10-18
1100.0,2,1995-10-18,1995-10-18
1101.0,2,1995-10-18,1995-10-18
1102.0,2,1995-10-18,1995-10-18
1103.0,2,1995-10-17,1995-10-17
1104.0,2,1995-09-17,1995-09-17
1105.0,2,1995-10-17,1995-10-17
1106.0,2,1995-10-17,1995-10-17
1107.0,2,1995-10-17,1995-10-17
1108.0,2,1998-04-15,1998-04-15
1109.0,2,1998-04-16,1998-04-16
1110.0,2,1998-04-17,1998-04-17
1111.0,2,1998-04-20,1998-04-20
1112.0,2,1991-05-28,1991-05-28
1113.0,2,1991-05-28,1991-05-28
1114.0,2,1991-05-29,1991-05-29
1115.0,2,1991-05-29,1991-05-29
1116.0,2,1988-12-05,1988-12-05
1117.0,2,1988-12-05,1988-12-05
1118.0,2,2001-04-19,2001-04-19
1119.0,2,2001-04-20,2001-04-20
1120.0,2,2001-04-23,2001-04-23
1121.0,2,2001-04-23,2001-04-23
1122.0,2,1993-04-15,1993-04-15
1123.0,2,1993-04-20,1993-04-20
1124.0,2,1987-11-23,1987-11-23
1125.0,2,1987-11-24,1987-11-24
1126.0,2,1987-11-25,1987-11-25
1127.0,2,1987-11-25,1987-11-25
1128.0,2,1987-11-26,1987-11-26
1129.0,2,1987-11-27,1987-11-27
1130.0,2,1994-04-14,1994-04-14
1131.0,2,1994-04-14,1994-04-14
1132.0,2,1994-04-15,1994-04-15
1133.0,2,1990-10-17,1990-10-17
1134.0,2,1990-10-17,1990-10-17
1135.0,2,1990-10-18,1990-10-18
1136.0,2,1987-08-18,1987-08-18
1137.0,2,1987-08-18,1987-08-18
1138.0,2,1987-08-18,1987-08-18
1139.0,2,1987-08-19,1987-08-19
1140.0,2,1987-08-19,1987-08-19
1141.0,2,1987-08-19,1987-08-19
1142.0,2,1985-04-02,1985-04-02
1143.0,2,1985-04-04,1985-04-04
1144.0,2,1985-04-04,1985-04-04
1145.0,2,1985-04-05,1985-04-05
1146.0,2,1985-04-03,1985-04-03
1147.0,2,1993-04-28,1993-04-28
1148.0,2,1993-04-21,1993-04-21
1149.0,2,1993-04-20,1993-04-20
1150.0,2,1999-09-27,1999-09-27
1151.0,2,1999-09-28,1999-09-28
1152.0,2,1999-09-28,1999-09-28
1153.0,2,1999-09-29,1999-09-29
1154.0,2,2006-08-17,2006-08-17
1155.0,2,2006-08-17,2006-08-17
1156.0,2,2006-08-21,2006-08-21
1157.0,2,2006-08-21,2006-08-21
1158.0,2,1994-09-21,1994-09-21
1159.0,2,1994-09-21,1994-09-21
1160.0,2,2000-10-10,2000-10-10
1161.0,2,2000-10-11,2000-10-11
1162.0,2,2000-10-13,2000-10-13
1163.0,2,2000-10-20,2000-10-20
1164.0,2,2000-10-30,2000-10-30
1165.0,2,2000-10-30,2000-10-30
1166.0,2,2000-10-31,2000-10-31
1167.0,2,2000-11-01,2000-11-01
1168.0,2,2001-06-13,2001-06-13
1169.0,2,2001-06-22,2001-06-22
1170.0,2,2001-07-04,2001-07-04
1171.0,2,1990-03-22,1990-03-22
1172.0,2,1990-03-23,1990-03-23
1173.0,2,1990-03-27,1990-03-27
1174.0,2,1990-03-27,1990-03-27
1175.0,2,2012-08-27,2012-08-27
1176.0,2,2012-08-27,2012-08-27
1178.0,6,2003-03-24,2005-06-01
1179.0,4,2003-03-25,2005-06-01
1180.0,2,1995-04-26,1995-04-26
1181.0,2,1995-04-27,1995-04-27
1182.0,2,1998-08-31,1998-08-31
1183.0,2,1998-09-03,1998-09-03
1184.0,2,1998-09-04,1998-09-04
1185.0,2,1990-08-21,1990-08-21
1186.0,2,1990-08-21,1990-08-21
1187.0,2,1990-08-22,1990-08-22
1188.0,2,1990-08-22,1990-08-22
1189.0,2,1990-08-23,1990-08-23
1190.0,2,1990-08-23,1990-08-23
1191.0,2,1990-08-24,1990-08-24
1192.0,2,1990-08-20,1990-08-20
1193.0,2,2006-07-13,2006-07-13
1194.0,2,2006-07-13,2006-07-13
1195.0,2,2006-07-17,2006-07-17
1196.0,2,2006-07-17,2006-07-17
1197.0,2,1995-04-19,1995-04-19
1198.0,2,1995-04-19,1995-04-19
1199.0,2,1995-04-20,1995-04-20
1200.0,2,1995-04-21,1995-04-21
1201.0,2,1995-04-24,1995-04-24
1202.0,2,1995-04-25,1995-04-25
1203.0,2,1995-04-25,1995-04-25
1204.0,2,1995-04-26,1995-04-26
1205.0,2,1995-05-15,1995-05-15
1206.0,2,1995-05-15,1995-05-15
1207.0,2,1995-05-16,1995-05-16
1208.0,2,1995-05-16,1995-05-16
1209.0,2,1992-08-25,1992-08-25
1210.0,2,1992-08-26,1992-08-26
1211.0,2,1992-08-26,1992-08-26
1212.0,2,1985-08-28,1985-08-28
1213.0,2,1985-08-27,1985-08-27
1214.0,2,1985-08-26,1985-08-26
1215.0,2,1990-10-19,1990-10-19
1216.0,2,1990-10-18,1990-10-18
1217.0,2,1990-10-21,1990-10-21
1218.0,2,1994-08-24,1994-08-24
1219.0,2,1994-08-24,1994-08-24
1220.0,2,2007-06-19,2007-06-19
1221.0,2,2007-06-18,2007-06-18
1222.0,2,2007-06-12,2007-06-12
1223.0,2,2007-06-13,2007-06-13
1224.0,2,2007-06-13,2007-06-13
1225.0,2,2007-06-14,2007-06-14
1226.0,2,1985-09-13,1985-09-13
1227.0,2,1985-09-12,1985-09-12
1228.0,2,1985-09-12,1985-09-12
1229.0,2,1985-09-09,1985-09-09
1230.0,2,2007-10-15,2007-10-15
1231.0,2,2007-10-18,2007-10-18
1232.0,2,2007-10-18,2007-10-18
1233.0,2,2007-10-23,2007-10-23
1234.0,2,2007-10-24,2007-10-24
1235.0,10,2003-03-19,2006-06-12
1239.0,2,2005-06-15,2005-06-15
1240.0,2,1994-05-05,1994-05-05
1241.0,2,1994-05-05,1994-05-05
1242.0,2,1994-05-06,1994-05-06
1243.0,2,1999-08-30,1999-08-30
1244.0,2,2000-07-14,2000-07-14
1245.0,2,2000-07-18,2000-07-18
1246.0,2,2000-07-18,2000-07-18
1247.0,2,1995-09-06,1995-09-06
1248.0,2,1995-05-06,1995-05-06
1249.0,2,1995-09-07,1995-09-07
1250.0,2,1995-09-07,1995-09-07
1251.0,2,1995-09-08,1995-09-08
1252.0,2,1995-09-11,1995-09-11
1253.0,2,1995-09-11,1995-09-11
1254.0,2,1995-09-12,1995-09-12
1255.0,2,1995-09-13,1995-09-13
1256.0,2,1995-09-13,1995-09-13
1257.0,2,1995-09-14,1995-09-14
1258.0,2,1989-11-02,1989-11-02
1259.0,2,1989-11-07,1989-11-07
1260.0,2,1989-11-06,1989-11-06
1261.0,2,1989-11-03,1989-11-03
1262.0,2,1989-11-01,1989-11-01
1263.0,2,2003-08-20,2003-08-20
1264.0,2,2003-08-20,2003-08-20
1265.0,2,2003-08-19,2003-08-19
1266.0,2,2003-08-19,2003-08-19
1267.0,2,2003-08-18,2003-08-18
1268.0,2,1988-08-10,1988-08-10
1269.0,2,1988-08-10,1988-08-10
1270.0,2,1988-08-12,1988-08-12
1271.0,2,2010-09-06,2010-09-06
1272.0,2,2010-09-06,2010-09-06
1273.0,2,2010-09-07,2010-09-07
1274.0,2,2010-09-06,2010-09-06
1275.0,2,1992-05-20,1992-05-20
1276.0,2,2004-09-22,2004-09-22
1277.0,2,2004-09-23,2004-09-23
1278.0,2,1992-05-19,1992-05-19
1279.0,2,1992-05-19,1992-05-19
1280.0,2,1992-05-21,1992-05-21
1281.0,2,1992-05-21,1992-05-21
1282.0,2,1992-05-22,1992-05-22
1283.0,2,1992-06-16,1992-06-16
1284.0,2,1992-06-16,1992-06-16
1285.0,2,1992-06-17,1992-06-17
1286.0,2,1992-06-17,1992-06-17
1287.0,2,1987-07-06,1987-07-06
1288.0,2,1987-07-06,1987-07-06
1289.0,2,1987-07-07,1987-07-07
1290.0,2,1987-07-07,1987-07-07
1291.0,2,1987-07-07,1987-07-07
1292.0,2,2006-07-18,2006-07-18
1293.0,2,2006-07-18,2006-07-18
1294.0,2,2006-07-18,2006-07-18
1295.0,2,1992-09-15,1992-09-15
1296.0,2,1992-09-15,1992-09-15
1297.0,2,1992-09-16,1992-09-16
1298.0,2,1992-09-16,1992-09-16
1299.0,2,1992-09-17,1992-09-17
1300.0,2,1985-08-26,1985-08-26
1301.0,2,2006-09-28,2006-09-28
1302.0,2,2006-09-28,2006-09-28
1303.0,2,1991-06-19,1991-06-19
1304.0,2,1991-06-20,1991-06-20
1305.0,2,1991-06-20,1991-06-20
1306.0,2,1994-09-27,1994-09-27
1307.0,2,1994-09-27,1994-09-27
1308.0,2,1994-09-28,1994-09-28
1309.0,2,1994-09-28,1994-09-28
1310.0,2,2003-10-25,2003-10-25
1311.0,2,2003-10-25,2003-10-25
1312.0,2,2003-10-24,2003-10-24
1313.0,2,2003-10-24,2003-10-24
1314.0,2,1992-08-13,1992-08-13
1315.0,2,1992-08-17,1992-08-17
1316.0,2,2001-04-24,2001-04-24
1317.0,2,2001-04-24,2001-04-24
1318.0,2,2001-04-25,2001-04-25
1319.0,2,2003-06-04,2003-06-04
1320.0,2,2003-06-06,2003-06-06
1321.0,2,2003-06-10,2003-06-10
1322.0,2,2003-06-10,2003-06-10
1323.0,2,2003-06-11,2003-06-11
1324.0,2,2007-05-21,2007-05-21
1325.0,2,2007-05-23,2007-05-23
1326.0,2,2007-05-23,2007-05-23
1327.0,2,2007-05-31,2007-05-31
1328.0,2,2007-05-31,2007-05-31
1329.0,2,2007-05-29,2007-05-29
1330.0,2,2007-06-01,2007-06-01
1331.0,2,2007-05-24,2007-05-24
1332.0,2,2007-05-30,2007-05-30
1333.0,2,2007-05-31,2007-05-31
1334.0,2,2007-06-04,2007-06-04
1335.0,2,2008-05-22,2008-05-22
1336.0,2,2008-05-23,2008-05-23
1337.0,2,2008-05-23,2008-05-23
1338.0,2,2000-04-06,2000-04-06
1339.0,2,2000-04-06,2000-04-06
1340.0,2,2002-05-03,2002-05-03
1341.0,2,2002-05-30,2002-05-30
1342.0,2,2002-05-04,2002-05-04
1343.0,2,2002-06-04,2002-06-04
1344.0,2,2002-09-16,2002-09-16
1345.0,2,2002-09-18,2002-09-18
1346.0,2,2002-09-18,2002-09-18
1347.0,2,2002-09-16,2002-09-16
1348.0,2,2005-07-11,2005-07-11
1349.0,2,2005-07-11,2005-07-11
1350.0,2,2005-07-12,2005-07-12
1351.0,2,2005-07-12,2005-07-12
1352.0,2,2005-07-13,2005-07-13
1353.0,2,2005-07-13,2005-07-13
1354.0,2,2005-07-14,2005-07-14
1355.0,2,2005-07-14,2005-07-14
1356.0,2,1989-05-22,1989-05-22
1357.0,2,1989-05-23,1989-05-23
1358.0,2,1989-05-23,1989-05-23
1359.0,2,1989-05-24,1989-05-24
1360.0,2,1989-05-24,1989-05-24
1361.0,2,1989-05-25,1989-05-25
1362.0,2,1989-05-25,1989-05-25
1363.0,2,1989-05-26,1989-05-26
1364.0,2,1989-05-29,1989-05-29
1365.0,2,1989-05-29,1989-05-29
1366.0,2,1997-04-16,1997-04-16
1367.0,2,1997-04-16,1997-04-16
1368.0,2,1997-04-17,1997-04-17
1369.0,2,1997-04-17,1997-04-17
1370.0,2,1997-04-24,1997-04-24
1371.0,2,1985-09-05,1985-09-05
1372.0,2,1985-09-02,1985-09-02
1373.0,2,1985-09-02,1985-09-02
1374.0,2,1987-06-14,1987-06-14
1375.0,2,1987-06-14,1987-06-14
1376.0,2,1987-06-13,1987-06-13
1377.0,2,1987-06-13,1987-06-13
1378.0,2,1987-06-12,1987-06-12
1379.0,2,1987-06-12,1987-06-12
1380.0,2,1987-06-11,1987-06-11
1381.0,2,1987-06-11,1987-06-11
1382.0,2,1987-06-10,1987-06-10
1383.0,2,1987-06-10,1987-06-10
1384.0,2,1987-06-10,1987-06-10
1385.0,2,1987-06-09,1987-06-09
1386.0,2,1987-06-09,1987-06-09
1387.0,2,1987-06-04,1987-06-04
1388.0,2,1987-06-04,1987-06-04
1389.0,2,1987-06-03,1987-06-03
1390.0,2,1987-06-03,1987-06-03
1391.0,2,1987-06-03,1987-06-03
1392.0,2,1987-06-02,1987-06-02
1393.0,2,1987-06-02,1987-06-02
1394.0,2,1990-05-14,1990-05-14
1395.0,2,1990-05-15,1990-05-15
1396.0,2,1990-05-16,1990-05-16
1397.0,2,1990-05-17,1990-05-17
1398.0,2,1990-05-17,1990-05-17
1399.0,2,1995-09-05,1995-09-05
1400.0,2,1982-06-09,1982-06-09
1401.0,2,1982-06-09,1982-06-09
1402.0,2,1982-06-09,1982-06-09
1403.0,2,1982-06-08,1982-06-08
1404.0,2,1982-06-08,1982-06-08
1405.0,2,1982-06-08,1982-06-08
1406.0,2,1982-06-08,1982-06-08
1407.0,2,1982-06-05,1982-06-05
1408.0,2,1982-06-05,1982-06-05
1409.0,2,1982-06-05,1982-06-05
1410.0,2,1982-06-03,1982-06-03
1411.0,2,1982-06-03,1982-06-03
1412.0,2,1982-06-09,1982-06-09
1413.0,2,2005-09-14,2005-09-14
1414.0,2,2005-09-14,2005-09-14
1415.0,2,2005-09-14,2005-09-14
1416.0,2,2005-09-15,2005-09-15
1417.0,2,1988-05-25,1988-05-25
1418.0,2,1988-05-25,1988-05-25
1419.0,2,1988-05-25,1988-05-25
1420.0,2,1988-05-24,1988-05-24
1421.0,2,1988-05-24,1988-05-24
1422.0,2,1989-06-20,1989-06-20
1423.0,2,1989-06-21,1989-06-21
1424.0,2,1989-06-22,1989-06-22
1425.0,2,1989-06-22,1989-06-22
1426.0,2,1988-09-01,1988-09-01
1427.0,2,1988-09-05,1988-09-05
1428.0,2,1988-09-06,1988-09-06
1429.0,2,1988-09-06,1988-09-06
1430.0,2,1988-09-07,1988-09-07
1431.0,2,1988-09-07,1988-09-07
1432.0,2,1988-09-08,1988-09-08
1433.0,2,1988-09-12,1988-09-12
1434.0,2,1994-10-10,1994-10-10
1435.0,2,1994-10-12,1994-10-12
1436.0,2,1997-09-09,1997-09-09
1437.0,2,1997-09-09,1997-09-09
1438.0,2,1997-09-10,1997-09-10
1439.0,2,1997-09-10,1997-09-10
1440.0,2,1997-09-11,1997-09-11
1441.0,2,1997-09-11,1997-09-11
1442.0,2,1997-09-18,1997-09-18
1443.0,2,1997-09-15,1997-09-15
1444.0,2,1997-09-15,1997-09-15
1445.0,2,1997-09-16,1997-09-16
1446.0,2,1997-09-16,1997-09-16
1447.0,2,1997-09-17,1997-09-17
1448.0,2,1997-09-17,1997-09-17
1449.0,2,1997-09-08,1997-09-08
1450.0,2,2007-06-12,2007-06-12
1451.0,2,2007-04-26,2007-04-26
1452.0,2,2007-04-25,2007-04-25
1453.0,2,2007-04-26,2007-04-26
1454.0,2,2007-04-26,2007-04-26
1455.0,2,2007-06-11,2007-06-11
1456.0,2,2002-05-27,2002-05-27
1457.0,2,2002-05-28,2002-05-28
1458.0,2,2002-05-28,2002-05-28
1459.0,2,2002-05-28,2002-05-28
1460.0,2,1999-09-30,1999-09-30
1461.0,2,1999-10-01,1999-10-01
1462.0,2,1996-04-22,1996-04-22
1463.0,2,1996-04-23,1996-04-23
1464.0,2,1996-04-23,1996-04-23
1465.0,2,1996-04-24,1996-04-24
1466.0,2,2006-08-22,2006-08-22
1467.0,2,2006-08-22,2006-08-22
1468.0,2,1991-05-27,1991-05-27
1469.0,2,1991-05-27,1991-05-27
1470.0,2,2005-09-05,2005-09-05
1471.0,2,2005-09-06,2005-09-06
1472.0,2,2005-09-06,2005-09-06
1473.0,2,2005-09-06,2005-09-06
1474.0,2,1991-03-11,1991-03-11
1475.0,2,1991-03-12,1991-03-12
1476.0,2,1991-03-13,1991-03-13
1477.0,2,1991-03-14,1991-03-14
1478.0,2,1994-04-05,1994-04-05
1479.0,2,1994-04-06,1994-04-06
1480.0,2,2004-08-26,2004-08-26
1481.0,2,2004-08-27,2004-08-27
1482.0,2,2004-08-30,2004-08-30
1483.0,2,2004-08-30,2004-08-30
1484.0,2,1998-05-26,1998-05-26
1485.0,2,1998-05-26,1998-05-26
1486.0,2,1998-05-28,1998-05-28
1487.0,2,1998-05-28,1998-05-28
1488.0,2,1994-09-13,1994-09-13
1489.0,2,1994-09-13,1994-09-13
1490.0,2,1994-09-14,1994-09-14
1491.0,2,1994-09-14,1994-09-14
1492.0,2,1994-09-15,1994-09-15
1493.0,2,2009-06-25,2009-06-25
1494.0,2,2009-06-25,2009-06-25
1495.0,2,2009-06-29,2009-06-29
1496.0,2,2009-06-29,2009-06-29
1497.0,2,2009-06-30,2009-06-30
1498.0,2,2009-06-30,2009-06-30
1499.0,2,2009-06-30,2009-06-30
1500.0,2,2009-07-02,2009-07-02
1501.0,2,2009-07-02,2009-07-02
1502.0,2,1987-07-07,1987-07-07
1503.0,2,1987-07-08,1987-07-08
1504.0,2,1987-07-08,1987-07-08
1505.0,2,1987-07-08,1987-07-08
1506.0,2,1987-07-09,1987-07-09
1507.0,2,1987-07-09,1987-07-09
1508.0,2,1987-07-09,1987-07-09
1509.0,2,1987-07-09,1987-07-09
1510.0,2,1987-07-10,1987-07-10
1511.0,2,1987-07-10,1987-07-10
1512.0,2,1987-08-31,1987-08-31
1513.0,2,1987-08-31,1987-08-31
1514.0,2,1987-09-01,1987-09-01
1515.0,2,1987-09-01,1987-09-01
1516.0,2,1987-09-01,1987-09-01
1517.0,2,1987-09-02,1987-09-02
1518.0,2,1987-09-02,1987-09-02
1519.0,2,1987-09-02,1987-09-02
1520.0,2,1987-09-03,1987-09-03
1521.0,2,2003-09-04,2003-09-04
1522.0,2,2005-06-15,2005-06-15
1523.0,2,2005-06-16,2005-06-16
1524.0,2,2005-06-16,2005-06-16
1525.0,2,1991-04-10,1991-04-10
1526.0,2,1991-04-11,1991-04-11
1527.0,2,1991-04-11,1991-04-11
1528.0,2,1991-04-12,1991-04-12
1529.0,2,1991-04-15,1991-04-15
1530.0,2,1990-07-05,1990-07-05
1531.0,2,1990-07-05,1990-07-05
1532.0,2,1990-07-06,1990-07-06
1533.0,2,1990-07-05,1990-07-05
1534.0,2,1990-07-06,1990-07-06
1535.0,2,1990-07-05,1990-07-05
1536.0,2,1990-07-03,1990-07-03
1537.0,2,1990-07-03,1990-07-03
1538.0,2,1990-07-04,1990-07-04
1539.0,2,1990-07-05,1990-07-05
1540.0,2,1990-07-05,1990-07-05
1541.0,2,1990-07-05,1990-07-05
1542.0,2,1997-06-16,1997-06-16
1543.0,2,1997-06-17,1997-06-17
1544.0,2,1997-06-18,1997-06-18
1545.0,2,1997-06-19,1997-06-19
1546.0,2,1997-06-24,1997-06-24
1547.0,2,1997-06-25,1997-06-25
1548.0,2,1997-06-26,1997-06-26
1549.0,2,2000-09-18,2000-09-18
1550.0,2,2000-09-19,2000-09-19
1551.0,2,2000-09-19,2000-09-19
1552.0,2,2000-09-20,2000-09-20
1553.0,2,1993-05-13,1993-05-13
1554.0,2,1993-05-14,1993-05-14
1555.0,2,1993-05-17,1993-05-17
1556.0,2,1993-05-18,1993-05-18
1557.0,2,2002-04-25,2002-04-25
1558.0,2,2002-04-25,2002-04-25
1559.0,2,2002-04-25,2002-04-25
1560.0,2,2002-04-24,2002-04-24
1561.0,2,2002-04-24,2002-04-24
1562.0,2,2002-04-24,2002-04-24
1563.0,2,1988-11-30,1988-11-30
1564.0,2,1998-04-21,1998-04-21
1565.0,2,1998-04-21,1998-04-21
1566.0,2,1990-07-12,1990-07-12
1567.0,2,1990-07-12,1990-07-12
1568.0,2,1990-07-12,1990-07-12
1569.0,2,1990-07-12,1990-07-12
1570.0,2,1990-07-12,1990-07-12
1571.0,2,1990-07-12,1990-07-12
1572.0,2,1990-07-12,1990-07-12
1573.0,2,1990-07-12,1990-07-12
1574.0,2,1990-07-12,1990-07-12
1575.0,2,1990-07-12,1990-07-12
1576.0,2,1990-07-12,1990-07-12
1577.0,2,1987-08-25,1987-08-25
1578.0,2,1987-08-26,1987-08-26
1579.0,2,1987-08-26,1987-08-26
1580.0,2,1987-08-27,1987-08-27
1581.0,2,1987-08-27,1987-08-27
1582.0,2,1987-08-28,1987-08-28
1583.0,2,2012-04-26,2012-04-26
1584.0,2,2012-04-26,2012-04-26
1585.0,2,2012-04-25,2012-04-25
1586.0,2,2012-05-09,2012-05-09
1587.0,2,2012-04-26,2012-04-26
1588.0,2,2012-04-27,2012-04-27
1589.0,2,2012-05-07,2012-05-07
1590.0,2,2000-06-19,2000-06-19
1591.0,2,2000-06-20,2000-06-20
1592.0,2,2000-06-22,2000-06-22
1593.0,2,2000-06-29,2000-06-29
1594.0,2,2000-06-28,2000-06-28
1595.0,2,1994-08-25,1994-08-25
1596.0,2,1994-08-25,1994-08-25
1597.0,2,1994-08-29,1994-08-29
1598.0,2,1994-08-31,1994-08-31
1599.0,2,2002-05-29,2002-05-29
1600.0,2,2002-05-29,2002-05-29
1601.0,2,2012-04-24,2012-04-24
1602.0,2,2012-04-24,2012-04-24
1603.0,2,2012-04-24,2012-04-24
1604.0,2,2012-04-25,2012-04-25
1605.0,2,2012-05-09,2012-05-09
1606.0,2,2006-05-09,2006-05-09
1607.0,2,2006-05-09,2006-05-09
1608.0,2,2006-05-10,2006-05-10
1609.0,2,2006-05-10,2006-05-10
1610.0,2,2006-05-11,2006-05-11
1611.0,2,2006-05-11,2006-05-11
1612.0,2,2006-05-15,2006-05-15
1613.0,2,2006-05-15,2006-05-15
1614.0,2,2006-05-16,2006-05-16
1615.0,2,2006-05-16,2006-05-16
1616.0,2,2006-05-17,2006-05-17
1617.0,2,2006-05-17,2006-05-17
1618.0,2,2006-05-17,2006-05-17
1619.0,2,2006-05-18,2006-05-18
1620.0,2,1994-10-19,1994-10-19
1621.0,2,1994-10-18,1994-10-18
1622.0,2,1995-02-15,1995-02-15
1623.0,2,1995-02-15,1995-02-15
1624.0,2,1990-03-28,1990-03-28
1625.0,2,1990-03-28,1990-03-28
1626.0,2,1990-03-29,1990-03-29
1627.0,2,1990-03-29,1990-03-29
1628.0,2,2012-05-07,2012-05-07
1629.0,2,2012-05-08,2012-05-08
1630.0,2,2012-05-08,2012-05-08
1631.0,2,2012-05-07,2012-05-07
1632.0,2,2012-05-07,2012-05-07
1633.0,2,2012-05-07,2012-05-07
1634.0,2,1988-06-24,1988-06-24
1635.0,2,1988-06-24,1988-06-24
1636.0,2,2005-08-08,2005-08-08
1637.0,2,2005-08-09,2005-08-09
1638.0,2,2005-08-09,2005-08-09
1639.0,2,2005-08-10,2005-08-10
1640.0,2,2005-08-10,2005-08-10
1641.0,2,2005-08-10,2005-08-10
1642.0,2,2005-08-11,2005-08-11
1643.0,2,2005-08-11,2005-08-11
1644.0,2,2004-09-20,2004-09-20
1645.0,2,2004-09-20,2004-09-20
1646.0,2,2004-09-21,2004-09-21
1647.0,2,2004-09-21,2004-09-21
1648.0,2,1999-08-31,1999-08-31
1649.0,2,1999-08-31,1999-08-31
1650.0,2,1999-09-01,1999-09-01
1651.0,2,1999-09-02,1999-09-02
1652.0,2,1998-05-11,1998-05-11
1653.0,2,1998-05-12,1998-05-12
1654.0,2,1998-05-13,1998-05-13
1655.0,2,1998-05-14,1998-05-14
1656.0,2,1993-09-09,1993-09-09
1657.0,2,2005-04-04,2005-04-04
1658.0,2,2005-04-05,2005-04-05
1659.0,2,2005-04-05,2005-04-05
1660.0,2,2005-04-05,2005-04-05
1661.0,2,2005-04-05,2005-04-05
1662.0,2,2005-04-06,2005-04-06
1663.0,2,2006-08-15,2006-08-15
1664.0,2,2006-08-15,2006-08-15
1665.0,2,2006-08-16,2006-08-16
1666.0,2,2006-08-16,2006-08-16
1667.0,2,2010-09-08,2010-09-08
1668.0,2,2010-09-08,2010-09-08
1669.0,2,1988-06-01,1988-06-01
1670.0,2,1988-06-01,1988-06-01
1671.0,2,1988-06-01,1988-06-01
1672.0,2,1993-06-09,1993-06-09
1673.0,2,1993-06-08,1993-06-08
1674.0,2,1996-10-28,1996-10-28
1675.0,2,1996-10-28,1996-10-28
1676.0,2,1988-08-01,1988-08-01
1677.0,2,1988-08-05,1988-08-05
1678.0,2,1988-08-04,1988-08-04
1679.0,2,1988-08-03,1988-08-03
1680.0,2,1988-08-03,1988-08-03
1681.0,2,1988-08-02,1988-08-02
1682.0,2,2000-07-17,2000-07-17
1683.0,2,2000-07-16,2000-07-16
1684.0,2,2000-07-17,2000-07-17
1685.0,2,1993-05-11,1993-05-11
1686.0,2,1993-05-12,1993-05-12
1687.0,2,1993-05-12,1993-05-12
1688.0,2,1993-05-13,1993-05-13
1689.0,2,1988-08-09,1988-08-09
1690.0,2,1988-08-09,1988-08-09
1691.0,2,1988-08-08,1988-08-08
1692.0,2,1991-05-30,1991-05-30
1693.0,2,1991-05-30,1991-05-30
1694.0,2,1991-05-31,1991-05-31
1695.0,2,1991-06-03,1991-06-03
1696.0,2,2000-07-19,2000-07-19
1697.0,2,2000-07-20,2000-07-20
1698.0,2,2000-07-13,2000-07-13
1700.0,2,2008-07-04,2008-07-04
1701.0,2,2008-07-09,2008-07-09
1702.0,2,2008-07-04,2008-07-04
1703.0,2,2008-07-03,2008-07-03
1704.0,2,2008-07-05,2008-07-05
1705.0,2,2003-09-03,2003-09-03
1706.0,2,2003-08-29,2003-08-29
1707.0,2,2003-09-03,2003-09-03
1708.0,2,2003-08-22,2003-08-22
1709.0,2,1987-05-26,1987-05-26
1710.0,2,1987-05-26,1987-05-26
1711.0,2,1990-06-05,1990-06-05
1712.0,2,1990-06-06,1990-06-06
1713.0,2,1990-06-07,1990-06-07
1714.0,2,1990-06-08,1990-06-08
1715.0,2,1990-06-08,1990-06-08
1716.0,2,1990-06-11,1990-06-11
1717.0,2,1990-06-12,1990-06-12
1718.0,2,2003-06-30,2003-06-30
1719.0,2,2003-07-01,2003-07-01
1720.0,2,2003-07-01,2003-07-01
1721.0,2,2003-07-02,2003-07-02
1722.0,2,2003-07-02,2003-07-02
1723.0,2,2003-07-03,2003-07-03
1724.0,2,2003-07-03,2003-07-03
1725.0,2,2003-07-04,2003-07-04
1726.0,2,1985-09-03,1985-09-03
1727.0,2,1988-06-20,1988-06-20
1728.0,2,1988-06-22,1988-06-22
1729.0,2,1997-05-26,1997-05-26
1730.0,2,1997-05-27,1997-05-27
1731.0,2,1997-05-28,1997-05-28
1732.0,2,1997-06-05,1997-06-05
1733.0,2,1997-05-29,1997-05-29
1734.0,2,1997-05-30,1997-05-30
1735.0,2,1997-05-26,1997-05-26
1736.0,2,1997-05-26,1997-05-26
1737.0,2,1997-05-27,1997-05-27
1738.0,2,1997-05-27,1997-05-27
1739.0,2,1997-05-28,1997-05-28
1740.0,2,1997-05-28,1997-05-28
1741.0,2,1997-06-05,1997-06-05
1742.0,2,1997-06-05,1997-06-05
1743.0,2,1997-05-29,1997-05-29
1744.0,2,1997-05-29,1997-05-29
1745.0,2,1997-05-30,1997-05-30
1746.0,2,1997-05-30,1997-05-30
1747.0,2,1996-04-16,1996-04-16
1748.0,2,1996-04-16,1996-04-16
1749.0,2,1996-04-17,1996-04-17
1750.0,2,1996-04-17,1996-04-17
1751.0,2,1996-04-15,1996-04-15
1756.0,6,2003-03-21,2005-06-02
1760.0,4,2003-03-25,2005-06-06
1761.0,2,1995-08-09,1995-08-09
1762.0,2,1995-08-09,1995-08-09
1763.0,2,1995-08-10,1995-08-10
1764.0,2,1995-08-10,1995-08-10
1765.0,2,1995-08-21,1995-08-21
1766.0,2,1995-08-22,1995-08-22
1767.0,2,1995-08-23,1995-08-23
1768.0,2,1995-08-23,1995-08-23
1769.0,2,1995-08-24,1995-08-24
1770.0,2,1995-08-25,1995-08-25
1771.0,2,1995-08-28,1995-08-28
1772.0,2,1995-08-29,1995-08-29
1773.0,2,1995-08-30,1995-08-30
1774.0,2,1991-09-16,1991-09-16
1775.0,2,1991-09-17,1991-09-17
1776.0,2,1998-09-14,1998-09-14
1777.0,2,1998-09-17,1998-09-17
1778.0,2,1998-09-14,1998-09-14
1779.0,2,1998-09-15,1998-09-15
1780.0,2,1998-09-16,1998-09-16
1781.0,2,1984-07-23,1984-07-23
1782.0,2,1984-07-24,1984-07-24
1783.0,2,1984-07-25,1984-07-25
1784.0,2,1984-07-25,1984-07-25
1785.0,2,1984-07-25,1984-07-25
1786.0,2,1984-07-26,1984-07-26
1787.0,2,1984-07-26,1984-07-26
1788.0,2,1984-07-26,1984-07-26
1789.0,2,1984-07-26,1984-07-26
1790.0,2,1984-07-26,1984-07-26
1791.0,2,1991-05-23,1991-05-23
1792.0,2,1991-04-22,1991-04-22
1793.0,2,1998-06-23,1998-06-23
1794.0,2,1998-06-24,1998-06-24
1795.0,2,1998-06-25,1998-06-25
1796.0,2,1991-04-03,1991-04-03
1797.0,2,1991-04-05,1991-04-05
1798.0,2,1991-04-08,1991-04-08
1799.0,2,1991-04-09,1991-04-09
1800.0,2,1991-04-04,1991-04-04
1801.0,2,1991-04-04,1991-04-04
1802.0,2,1991-04-04,1991-04-04
1803.0,2,1991-04-04,1991-04-04
1804.0,2,1992-08-28,1992-08-28
1805.0,2,1992-08-31,1992-08-31
1806.0,2,1992-09-01,1992-09-01
1807.0,2,2007-10-16,2007-10-16
1808.0,2,2007-10-16,2007-10-16
1809.0,2,2007-10-16,2007-10-16
1810.0,2,2007-10-17,2007-10-17
1811.0,2,1991-11-04,1991-11-04
1812.0,2,1991-11-07,1991-11-07
1813.0,2,1991-11-11,1991-11-11
1814.0,2,1991-11-14,1991-11-14
1815.0,2,1990-10-09,1990-10-09
1816.0,2,1990-10-08,1990-10-08
1817.0,2,1990-10-09,1990-10-09
1818.0,2,2003-06-02,2003-06-02
1819.0,2,2003-06-03,2003-06-03
1820.0,2,2003-06-03,2003-06-03
1821.0,2,2003-06-03,2003-06-03
1822.0,2,2003-06-04,2003-06-04
1823.0,2,2001-04-25,2001-04-25
1824.0,2,2001-04-26,2001-04-26
1825.0,2,2001-04-26,2001-04-26
1826.0,2,2002-04-22,2002-04-22
1827.0,2,2002-04-23,2002-04-23
1828.0,2,2002-04-23,2002-04-23
1829.0,2,2002-04-24,2002-04-24
1830.0,2,2002-05-06,2002-05-06
1831.0,2,2002-05-07,2002-05-07
1832.0,2,1994-04-06,1994-04-06
1833.0,2,1994-04-07,1994-04-07
1834.0,2,1994-04-07,1994-04-07
1835.0,2,1994-04-08,1994-04-08
1836.0,2,1994-04-12,1994-04-12
1837.0,2,1994-04-12,1994-04-12
1838.0,2,2003-10-28,2003-10-28
1839.0,2,2003-10-29,2003-10-29
1840.0,2,2003-11-04,2003-11-04
1841.0,2,2003-10-29,2003-10-29
1842.0,2,2003-10-29,2003-10-29
1843.0,2,2003-10-29,2003-10-29
1844.0,2,2003-10-30,2003-10-30
1845.0,2,2003-11-30,2003-11-30
1846.0,2,1990-06-27,1990-06-27
1847.0,2,1990-06-28,1990-06-28
1848.0,2,2008-05-22,2008-05-22
1849.0,2,2008-05-22,2008-05-22
1850.0,2,2008-05-22,2008-05-22
1851.0,2,1992-02-05,1992-02-05
1852.0,2,1992-02-06,1992-02-06
1853.0,2,1992-02-04,1992-02-04
1854.0,2,1992-02-10,1992-02-10
1855.0,2,1992-02-11,1992-02-11
1856.0,2,1995-11-14,1995-11-14
1857.0,2,1995-11-13,1995-11-13
1858.0,2,1995-11-08,1995-11-08
1859.0,2,1995-11-09,1995-11-09
1860.0,2,1995-11-10,1995-11-10
1861.0,2,1995-11-15,1995-11-15
1862.0,2,1995-11-16,1995-11-16
1863.0,2,2008-12-16,2008-12-16
1864.0,2,1996-04-02,1996-04-02
1865.0,2,1996-04-03,1996-04-03
1866.0,2,1996-04-03,1996-04-03
1867.0,2,1996-04-04,1996-04-04
1868.0,2,1994-08-30,1994-08-30
1869.0,2,1994-08-30,1994-08-30
1870.0,2,1994-08-30,1994-08-30
1871.0,2,1994-08-31,1994-08-31
1872.0,2,2014-06-25,2014-06-25
1873.0,2,2014-06-25,2014-06-25
1874.0,2,1987-08-21,1987-08-21
1875.0,2,1987-08-24,1987-08-24
1876.0,2,1987-08-24,1987-08-24
1877.0,2,1987-08-26,1987-08-26
1878.0,2,1990-09-14,1990-09-14
1879.0,2,1990-09-13,1990-09-13
1880.0,2,1990-09-13,1990-09-13
1881.0,2,1990-09-13,1990-09-13
1882.0,2,1990-09-13,1990-09-13
1883.0,2,1990-09-13,1990-09-13
1884.0,2,1990-09-13,1990-09-13
1885.0,2,1990-09-13,1990-09-13
1886.0,2,1990-09-14,1990-09-14
1887.0,2,1990-04-03,1990-04-03
1888.0,2,1990-04-03,1990-04-03
1889.0,2,1990-04-04,1990-04-04
1890.0,2,1990-04-04,1990-04-04
1891.0,2,1990-04-05,1990-04-05
1892.0,2,1990-04-05,1990-04-05
1893.0,2,2004-08-23,2004-08-23
1894.0,2,2004-08-24,2004-08-24
1895.0,2,2004-08-24,2004-08-24
1896.0,2,2004-08-24,2004-08-24
1897.0,2,2008-09-04,2008-09-04
1898.0,2,2008-09-03,2008-09-03
1899.0,2,2008-09-03,2008-09-03
1900.0,2,1994-06-21,1994-06-21
1901.0,2,1994-06-21,1994-06-21
1902.0,2,1994-06-22,1994-06-22
1903.0,2,1994-06-22,1994-06-22
1904.0,2,1994-06-23,1994-06-23
1905.0,2,1988-09-20,1988-09-20
1906.0,2,1988-09-19,1988-09-19
1907.0,2,1988-09-19,1988-09-19
1908.0,2,1988-09-20,1988-09-20
1909.0,2,2003-06-12,2003-06-12
1910.0,2,2003-06-13,2003-06-13
1911.0,2,1988-09-13,1988-09-13
1912.0,2,1988-09-15,1988-09-15
1913.0,2,1988-09-13,1988-09-13
1914.0,2,1988-09-13,1988-09-13
1915.0,2,1988-09-14,1988-09-14
1916.0,2,1988-09-14,1988-09-14
1917.0,2,1989-05-30,1989-05-30
1918.0,2,1989-05-30,1989-05-30
1919.0,2,1989-05-31,1989-05-31
1920.0,2,1999-06-25,1999-06-25
1921.0,2,1999-06-25,1999-06-25
1922.0,2,1990-04-24,1990-04-24
1923.0,2,1990-04-26,1990-04-26
1924.0,2,2002-09-11,2002-09-11
1925.0,2,2002-09-12,2002-09-12
1926.0,2,2002-09-12,2002-09-12
1927.0,2,2002-09-13,2002-09-13
1928.0,2,1994-09-20,1994-09-20
1929.0,2,1994-09-20,1994-09-20
1930.0,2,1989-05-02,1989-05-02
1931.0,2,1989-05-02,1989-05-02
1932.0,2,1989-05-03,1989-05-03
1933.0,2,1989-05-03,1989-05-03
1934.0,2,1993-04-14,1993-04-14
1935.0,2,1993-04-15,1993-04-15
1936.0,2,1988-05-16,1988-05-16
1937.0,2,1988-05-17,1988-05-17
1938.0,2,1988-05-17,1988-05-17
1939.0,2,2012-05-09,2012-05-09
1940.0,2,2012-05-10,2012-05-10
1941.0,2,2012-05-10,2012-05-10
1942.0,2,1985-09-18,1985-09-18
1943.0,2,1985-09-18,1985-09-18
1944.0,2,1985-09-18,1985-09-18
1945.0,2,1985-09-09,1985-09-09
1946.0,2,1985-09-06,1985-09-06
1947.0,2,1985-09-06,1985-09-06
1948.0,2,2012-08-15,2012-08-15
1949.0,2,2012-08-15,2012-08-15
1950.0,2,2012-08-15,2012-08-15
1951.0,2,2012-08-14,2012-08-14
1952.0,2,2012-08-15,2012-08-15
1953.0,2,2012-08-14,2012-08-14
1954.0,2,2012-08-15,2012-08-15
1955.0,2,2012-08-14,2012-08-14
1956.0,2,2012-08-15,2012-08-15
1957.0,2,2012-08-14,2012-08-14
1958.0,2,1998-03-04,1998-03-04
1959.0,2,1998-03-04,1998-03-04
1960.0,2,1998-03-03,1998-03-03
1961.0,2,1998-03-03,1998-03-03
1962.0,2,1998-03-02,1998-03-02
1963.0,2,1998-03-02,1998-03-02
1964.0,2,1998-02-26,1998-02-26
1965.0,2,1998-02-27,1998-02-27
1966.0,2,1998-02-25,1998-02-25
1967.0,2,1998-02-26,1998-02-26
1968.0,2,1998-02-25,1998-02-25
1969.0,2,1998-02-25,1998-02-25
1970.0,2,1998-02-24,1998-02-24
1971.0,2,1998-02-24,1998-02-24
1972.0,2,1998-02-23,1998-02-23
1973.0,2,1998-02-23,1998-02-23
1974.0,2,1998-02-17,1998-02-17
1975.0,2,1998-02-16,1998-02-16
1976.0,2,1998-02-19,1998-02-19
1977.0,2,1998-02-18,1998-02-18
1978.0,2,1998-02-18,1998-02-18
1979.0,2,1998-02-19,1998-02-19
1980.0,2,1998-02-20,1998-02-20
1981.0,2,1998-02-19,1998-02-19
1982.0,2,1998-02-05,1998-02-05
1983.0,2,1998-02-05,1998-02-05
1984.0,2,1998-02-05,1998-02-05
1985.0,2,1998-02-06,1998-02-06
1986.0,2,1998-02-06,1998-02-06
1987.0,2,1991-08-12,1991-08-12
1988.0,2,1991-08-13,1991-08-13
1989.0,2,1991-08-19,1991-08-19
1990.0,2,1991-08-20,1991-08-20
1991.0,2,1991-08-21,1991-08-21
1992.0,2,2006-10-30,2006-10-30
1993.0,2,2006-10-30,2006-10-30
1994.0,2,1988-08-29,1988-08-29
1995.0,2,1988-08-25,1988-08-25
1996.0,2,1988-08-25,1988-08-25
1997.0,2,1988-08-24,1988-08-24
1998.0,2,1988-08-24,1988-08-24
1999.0,2,1988-08-23,1988-08-23
2000.0,2,1990-10-23,1990-10-23
2001.0,2,1990-10-23,1990-10-23
2002.0,2,1990-10-23,1990-10-23
2003.0,2,2000-04-10,2000-04-10
2004.0,2,2000-04-12,2000-04-12
2005.0,2,2000-04-12,2000-04-12
2006.0,2,2000-04-13,2000-04-13
2007.0,2,2000-04-13,2000-04-13
2008.0,2,2014-06-23,2014-06-23
2009.0,2,2014-06-13,2014-06-13
2010.0,2,2014-06-16,2014-06-16
2011.0,2,2014-06-13,2014-06-13
2012.0,2,2014-06-24,2014-06-24
2013.0,2,2014-06-12,2014-06-12
2014.0,2,2014-06-24,2014-06-24
2015.0,2,2014-06-11,2014-06-11
2016.0,2,2014-06-12,2014-06-12
2017.0,2,2014-06-11,2014-06-11
2018.0,2,2014-06-12,2014-06-12
2019.0,2,2014-06-10,2014-06-10
2020.0,2,1990-10-24,1990-10-24
2021.0,2,1990-10-24,1990-10-24
2022.0,2,1990-10-25,1990-10-25
2023.0,2,2010-09-14,2010-09-14
2024.0,2,2010-09-15,2010-09-15
2025.0,2,2010-09-15,2010-09-15
2026.0,2,2010-09-13,2010-09-13
2027.0,2,2010-09-14,2010-09-14
2028.0,2,2010-09-16,2010-09-16
2032.0,4,2011-07-25,2011-10-26
2033.0,2,2011-07-26,2011-07-26
2034.0,2,1987-05-25,1987-05-25
2035.0,2,1987-05-25,1987-05-25
2036.0,2,1987-05-25,1987-05-25
2037.0,2,1996-10-24,1996-10-24
2038.0,2,1996-10-24,1996-10-24
2039.0,2,1996-10-24,1996-10-24
2040.0,2,2006-09-20,2006-09-20
2041.0,2,2006-09-20,2006-09-20
2042.0,2,1989-09-05,1989-09-05
2043.0,2,1989-09-05,1989-09-05
2044.0,2,1989-09-06,1989-09-06
2045.0,2,1989-09-08,1989-09-08
2046.0,2,1989-09-07,1989-09-07
2047.0,2,1989-09-07,1989-09-07
2048.0,2,1989-09-06,1989-09-06
2049.0,2,2012-08-28,2012-08-28
2050.0,2,2012-08-28,2012-08-28
2051.0,2,2012-08-28,2012-08-28
2052.0,2,2000-03-28,2000-03-28
2053.0,2,2000-03-31,2000-03-31
2054.0,2,2000-04-03,2000-04-03
2055.0,2,1997-05-20,1997-05-20
2056.0,2,1997-05-20,1997-05-20
2057.0,2,1997-05-21,1997-05-21
2058.0,2,1997-05-22,1997-05-22
2059.0,2,1997-05-22,1997-05-22
2060.0,2,2008-07-05,2008-07-05
2061.0,2,2008-07-02,2008-07-02
2062.0,2,2008-07-01,2008-07-01
2063.0,2,1992-03-31,1992-03-31
2064.0,2,1992-04-01,1992-04-01
2065.0,2,1992-04-01,1992-04-01
2066.0,2,1996-10-22,1996-10-22
2067.0,2,1996-10-22,1996-10-22
2068.0,2,1991-08-14,1991-08-14
2069.0,2,1991-08-16,1991-08-16
2070.0,2,1994-08-23,1994-08-23
2071.0,2,1994-08-23,1994-08-23
2072.0,2,1997-10-22,1997-10-22
2073.0,2,1997-10-22,1997-10-22
2074.0,2,1997-10-22,1997-10-22
2075.0,2,1997-10-23,1997-10-23
2076.0,2,1997-10-23,1997-10-23
2078.0,10,2003-03-19,2006-06-12
2079.0,10,2003-03-20,2006-06-13
2082.0,2,2012-07-13,2012-07-13
2083.0,2,2012-07-10,2012-07-10
2084.0,2,1991-06-24,1991-06-24
2085.0,2,1991-06-25,1991-06-25
2086.0,2,1991-06-25,1991-06-25
2087.0,2,1991-06-26,1991-06-26
2088.0,2,1991-06-26,1991-06-26
2089.0,2,1991-06-26,1991-06-26
2090.0,2,1991-06-27,1991-06-27
2091.0,2,1991-06-27,1991-06-27
2092.0,2,1991-06-28,1991-06-28
2093.0,2,1994-05-26,1994-05-26
2094.0,2,1994-05-27,1994-05-27
2095.0,2,2011-07-20,2011-07-20
2096.0,2,2011-07-20,2011-07-20
2097.0,2,2011-07-20,2011-07-20
2098.0,2,1985-08-30,1985-08-30
2099.0,2,1985-08-30,1985-08-30
2100.0,2,1985-08-29,1985-08-29
2101.0,2,2004-08-16,2004-08-16
2102.0,2,2004-08-20,2004-08-20
2103.0,2,1991-11-04,1991-11-04
2104.0,2,1991-11-07,1991-11-07
2105.0,2,1991-11-11,1991-11-11
2106.0,2,1991-11-14,1991-11-14
2107.0,2,1994-06-29,1994-06-29
2108.0,2,1994-06-29,1994-06-29
2109.0,2,1994-06-28,1994-06-28
2110.0,2,1994-06-28,1994-06-28
2111.0,2,1994-06-27,1994-06-27
2112.0,2,2005-09-26,2005-09-26
2113.0,2,2005-09-27,2005-09-27
2114.0,2,2005-09-27,2005-09-27
2115.0,2,2005-09-28,2005-09-28
2116.0,2,2005-09-28,2005-09-28
2117.0,2,2005-09-29,2005-09-29
2118.0,2,1999-04-20,1999-04-20
2119.0,2,1999-04-21,1999-04-21
2120.0,2,1999-04-21,1999-04-21
2121.0,2,2007-05-21,2007-05-21
2122.0,2,2007-05-22,2007-05-22
2123.0,2,2007-05-23,2007-05-23
2124.0,2,2007-05-29,2007-05-29
2125.0,2,2007-05-30,2007-05-30
2126.0,2,2007-05-24,2007-05-24
2127.0,2,2007-05-30,2007-05-30
2128.0,2,2007-06-04,2007-06-04
2129.0,2,2007-06-05,2007-06-05
2130.0,2,1994-05-16,1994-05-16
2131.0,2,1994-05-17,1994-05-17
2132.0,2,1994-05-17,1994-05-17
2133.0,2,1994-05-18,1994-05-18
2134.0,2,1991-05-16,1991-05-16
2135.0,2,1991-05-16,1991-05-16
2136.0,2,1991-05-17,1991-05-17
2137.0,2,1991-05-17,1991-05-17
2138.0,2,1992-04-05,1992-04-05
2139.0,2,1992-04-06,1992-04-06
2140.0,2,1992-04-06,1992-04-06
2141.0,2,1992-04-07,1992-04-07
2142.0,2,2006-07-19,2006-07-19
2143.0,2,2006-07-19,2006-07-19
2144.0,2,2006-07-19,2006-07-19
2145.0,2,1998-04-22,1998-04-22
2146.0,2,1998-04-22,1998-04-22
2147.0,2,2006-03-29,2006-03-29
2148.0,2,2006-03-29,2006-03-29
2149.0,2,2006-03-29,2006-03-29
2150.0,2,2006-03-29,2006-03-29
2151.0,2,2006-03-29,2006-03-29
2152.0,2,2006-03-28,2006-03-28
2153.0,2,2006-03-28,2006-03-28
2154.0,2,2006-03-28,2006-03-28
2155.0,2,2006-03-28,2006-03-28
2156.0,2,2006-03-28,2006-03-28
2157.0,2,2006-03-28,2006-03-28
2158.0,2,2006-03-28,2006-03-28
2159.0,2,2006-03-28,2006-03-28
2160.0,2,2006-03-28,2006-03-28
2161.0,2,2006-03-28,2006-03-28
2162.0,2,2006-03-27,2006-03-27
2163.0,2,2006-03-27,2006-03-27
2164.0,2,2006-03-27,2006-03-27
2165.0,2,2006-03-27,2006-03-27
2166.0,2,2006-03-28,2006-03-28
2170.0,2,2011-08-01,2011-08-01
2171.0,2,1988-12-06,1988-12-06
2172.0,2,1988-12-05,1988-12-05
2173.0,2,1995-05-22,1995-05-22
2174.0,2,1995-05-22,1995-05-22
2175.0,2,1995-05-24,1995-05-24
2176.0,2,1995-05-24,1995-05-24
2177.0,2,1994-09-15,1994-09-15
2178.0,2,1994-09-19,1994-09-19
2179.0,2,1982-05-11,1982-05-11
2180.0,2,1982-05-12,1982-05-12
2181.0,2,1982-06-15,1982-06-15
2182.0,2,1982-05-26,1982-05-26
2183.0,2,1982-05-26,1982-05-26
2184.0,2,1982-05-27,1982-05-27
2185.0,2,1982-06-15,1982-06-15
2186.0,2,1982-05-27,1982-05-27
2187.0,2,1982-06-16,1982-06-16
2188.0,2,1982-05-27,1982-05-27
2189.0,2,1991-04-09,1991-04-09
2190.0,2,1991-04-24,1991-04-24
2191.0,2,2006-09-25,2006-09-25
2192.0,2,2006-09-25,2006-09-25
2193.0,2,2006-09-26,2006-09-26
2194.0,2,2006-09-26,2006-09-26
2195.0,2,1997-06-10,1997-06-10
2196.0,2,1997-06-10,1997-06-10
2197.0,2,1997-06-11,1997-06-11
2198.0,2,1997-06-11,1997-06-11
2199.0,2,1997-06-12,1997-06-12
2200.0,2,2006-09-18,2006-09-18
2201.0,2,2006-09-19,2006-09-19
2202.0,2,1987-08-24,1987-08-24
2203.0,2,1987-08-25,1987-08-25
2204.0,2,1987-08-25,1987-08-25
2205.0,2,1987-08-25,1987-08-25
2206.0,2,1988-11-28,1988-11-28
2207.0,2,1988-12-07,1988-12-07
2208.0,2,1988-12-07,1988-12-07
2209.0,2,1988-11-28,1988-11-28
2210.0,2,1988-11-23,1988-11-23
2211.0,2,1988-12-06,1988-12-06
2212.0,2,1988-12-07,1988-12-07
2213.0,2,1988-11-23,1988-11-23
2214.0,2,1988-11-24,1988-11-24
2215.0,2,1988-11-24,1988-11-24
2216.0,2,1988-11-28,1988-11-28
2220.0,2,2001-05-07,2001-05-07
2221.0,2,2001-05-10,2001-05-10
2222.0,2,2001-05-11,2001-05-11
2223.0,2,2001-05-16,2001-05-16
2224.0,2,1988-06-08,1988-06-08
2225.0,2,1988-06-09,1988-06-09
2226.0,2,1988-06-09,1988-06-09
2227.0,2,1996-06-10,1996-06-10
2228.0,2,1996-06-07,1996-06-07
2229.0,2,1996-06-05,1996-06-05
2230.0,2,1996-06-05,1996-06-05
2231.0,2,1996-06-06,1996-06-06
2232.0,2,1996-06-06,1996-06-06
2233.0,2,1996-10-28,1996-10-28
2234.0,2,1996-10-29,1996-10-29
2235.0,2,2001-05-08,2001-05-08
2236.0,2,2001-05-09,2001-05-09
2237.0,2,2001-05-17,2001-05-17
2238.0,2,2001-05-15,2001-05-15
2239.0,2,2010-09-07,2010-09-07
2240.0,2,2010-09-09,2010-09-09
2241.0,2,1998-08-24,1998-08-24
2242.0,2,1998-08-25,1998-08-25
2243.0,2,1998-08-25,1998-08-25
2244.0,2,1998-08-26,1998-08-26
2245.0,2,2001-04-23,2001-04-23
2246.0,2,1992-08-11,1992-08-11
2247.0,2,1992-08-12,1992-08-12
2248.0,2,2010-09-09,2010-09-09
2249.0,2,2010-09-16,2010-09-16
2250.0,2,2004-09-01,2004-09-01
2251.0,2,2004-09-02,2004-09-02
2252.0,2,2004-09-02,2004-09-02
2253.0,2,2004-09-02,2004-09-02
2254.0,2,1997-08-21,1997-08-21
2255.0,2,1997-08-22,1997-08-22
2256.0,2,1997-08-27,1997-08-27
2257.0,2,1997-08-28,1997-08-28
2258.0,2,1997-08-26,1997-08-26
2259.0,2,1997-08-21,1997-08-21
2260.0,2,1997-08-20,1997-08-20
2261.0,2,1997-08-20,1997-08-20
2262.0,2,1997-08-19,1997-08-19
2263.0,2,2006-07-12,2006-07-12
2264.0,2,2006-07-12,2006-07-12
2265.0,2,1990-10-16,1990-10-16
2266.0,2,1990-10-16,1990-10-16
2267.0,2,1990-10-16,1990-10-16
2268.0,2,1999-09-07,1999-09-07
2269.0,2,1999-09-07,1999-09-07
2270.0,2,1999-09-08,1999-09-08
2271.0,2,1999-09-08,1999-09-08
2272.0,2,1999-09-07,1999-09-07
2273.0,2,1999-09-17,1999-09-17
2274.0,2,1999-09-08,1999-09-08
2275.0,2,1999-09-08,1999-09-08
2276.0,2,2010-12-28,2010-12-28
2277.0,2,2010-12-14,2010-12-14
2278.0,2,2010-12-14,2010-12-14
2279.0,2,2010-12-14,2010-12-14
2280.0,2,1990-10-09,1990-10-09
2281.0,2,1990-10-10,1990-10-10
2282.0,2,1990-10-10,1990-10-10
2283.0,2,1992-05-11,1992-05-11
2284.0,2,1992-05-18,1992-05-18
2285.0,2,1992-05-20,1992-05-20
2286.0,2,2005-04-06,2005-04-06
2287.0,2,2005-04-06,2005-04-06
2288.0,2,2005-04-06,2005-04-06
2289.0,2,2005-04-07,2005-04-07
2290.0,2,2005-04-07,2005-04-07
2291.0,2,2005-04-07,2005-04-07
2292.0,2,1985-09-11,1985-09-11
2293.0,2,1985-09-12,1985-09-12
2294.0,2,1985-09-11,1985-09-11
2295.0,2,1985-09-11,1985-09-11
2296.0,2,1985-09-10,1985-09-10
2297.0,2,1985-09-10,1985-09-10
2298.0,2,1991-09-02,1991-09-02
2299.0,2,1991-09-03,1991-09-03
2300.0,2,1991-09-03,1991-09-03
2301.0,2,1991-09-04,1991-09-04
2302.0,2,1991-09-04,1991-09-04
2303.0,2,1991-09-05,1991-09-05
2304.0,2,1991-09-05,1991-09-05
2305.0,2,1991-09-09,1991-09-09
2306.0,2,1991-09-10,1991-09-10
2307.0,2,1991-09-10,1991-09-10
2308.0,2,2006-04-03,2006-04-03
2309.0,2,2006-04-04,2006-04-04
2310.0,2,2006-04-04,2006-04-04
2311.0,2,2006-04-04,2006-04-04
2312.0,2,2006-04-04,2006-04-04
2313.0,2,2006-04-05,2006-04-05
2314.0,2,2006-04-06,2006-04-06
2315.0,2,2006-04-06,2006-04-06
2317.0,2,1999-04-19,1999-04-19
2318.0,2,1999-04-20,1999-04-20
2319.0,2,1999-04-21,1999-04-21
2320.0,2,1999-04-22,1999-04-22
2321.0,2,1999-04-21,1999-04-21
2322.0,2,2000-07-20,2000-07-20
2323.0,2,2000-07-18,2000-07-18
2324.0,2,2000-07-19,2000-07-19
2325.0,2,2003-08-26,2003-08-26
2326.0,2,2003-08-21,2003-08-21
2327.0,2,2003-08-21,2003-08-21
2328.0,2,2003-09-02,2003-09-02
2329.0,2,2003-09-02,2003-09-02
2330.0,2,2003-08-25,2003-08-25
2331.0,2,2014-06-25,2014-06-25
2332.0,2,2000-07-10,2000-07-10
2333.0,2,2000-07-11,2000-07-11
2334.0,2,1988-05-31,1988-05-31
2335.0,2,1988-05-31,1988-05-31
2336.0,2,1988-05-31,1988-05-31
2337.0,2,1996-06-18,1996-06-18
2338.0,2,1996-06-10,1996-06-10
2339.0,2,1996-06-11,1996-06-11
2340.0,2,1996-06-12,1996-06-12
2341.0,2,1996-06-13,1996-06-13
2342.0,2,1996-06-19,1996-06-19
2343.0,2,1992-05-05,1992-05-05
2344.0,2,1992-05-05,1992-05-05
2345.0,2,1992-05-06,1992-05-06
2346.0,2,1992-06-18,1992-06-18
2347.0,2,1992-06-18,1992-06-18
2348.0,2,1992-05-07,1992-05-07
2349.0,2,2001-09-04,2001-09-04
2350.0,2,2001-09-04,2001-09-04
2351.0,2,2001-09-05,2001-09-05
2352.0,2,2001-09-05,2001-09-05
2353.0,2,2011-06-22,2011-06-22
2354.0,2,2011-06-21,2011-06-21
2355.0,2,2011-06-21,2011-06-21
2356.0,2,2011-06-21,2011-06-21
2357.0,2,2011-06-23,2011-06-23
2358.0,2,2011-06-23,2011-06-23
2359.0,2,2011-06-23,2011-06-23
2360.0,2,2011-06-23,2011-06-23
2361.0,2,2011-06-16,2011-06-16
2362.0,2,2011-06-27,2011-06-27
2363.0,2,2011-06-28,2011-06-28
2364.0,2,2011-06-28,2011-06-28
2365.0,2,2000-03-29,2000-03-29
2366.0,2,2000-03-30,2000-03-30
2367.0,2,2000-04-04,2000-04-04
2369.0,8,2011-05-24,2011-10-24
2371.0,8,2011-05-25,2011-10-25
2372.0,8,2011-05-25,2011-10-25
2373.0,8,2011-05-26,2011-10-26
2374.0,2,1996-09-17,1996-09-17
2375.0,2,1996-09-18,1996-09-18
2376.0,2,1996-09-19,1996-09-19
2377.0,2,1996-09-20,1996-09-20
2379.0,2,1993-09-28,1993-09-28
2380.0,2,1993-09-28,1993-09-28
2381.0,2,1993-09-29,1993-09-29
2382.0,2,1993-09-29,1993-09-29
2383.0,2,1993-09-30,1993-09-30
2384.0,2,1993-10-05,1993-10-05
2385.0,2,1993-10-05,1993-10-05
2386.0,2,1993-10-06,1993-10-06
2387.0,2,1993-10-06,1993-10-06
2388.0,2,1993-10-07,1993-10-07
2389.0,2,1993-10-07,1993-10-07
2390.0,2,1987-08-17,1987-08-17
2391.0,2,1987-08-17,1987-08-17
2392.0,2,2004-08-04,2004-08-04
2393.0,2,2004-08-04,2004-08-04
2394.0,2,2004-08-05,2004-08-05
2395.0,2,2004-08-05,2004-08-05
2396.0,2,2004-08-11,2004-08-11
2397.0,2,2004-08-11,2004-08-11
2398.0,2,2000-04-07,2000-04-07
2399.0,2,2000-04-11,2000-04-11
2400.0,2,2000-04-10,2000-04-10
2401.0,2,2000-04-10,2000-04-10
2402.0,2,2000-04-11,2000-04-11
2403.0,2,2000-04-11,2000-04-11
2404.0,2,2001-04-17,2001-04-17
2405.0,2,2001-04-18,2001-04-18
2406.0,2,2001-04-18,2001-04-18
2407.0,2,2001-04-19,2001-04-19
2408.0,2,1990-08-06,1990-08-06
2409.0,2,1992-06-22,1992-06-22
2410.0,2,1992-06-23,1992-06-23
2411.0,2,1992-06-23,1992-06-23
2412.0,2,1992-06-24,1992-06-24
2413.0,2,2000-09-20,2000-09-20
2414.0,2,2000-09-21,2000-09-21
2415.0,2,2000-09-21,2000-09-21
2416.0,2,2000-09-22,2000-09-22
2417.0,2,1990-08-27,1990-08-27
2418.0,2,2001-07-02,2001-07-02
2419.0,2,2001-07-09,2001-07-09
2420.0,2,2001-07-02,2001-07-02
2421.0,2,2004-11-03,2004-11-03
2422.0,2,2004-11-03,2004-11-03
2423.0,2,2004-11-04,2004-11-04
2424.0,2,2004-11-04,2004-11-04
2425.0,2,1989-04-27,1989-04-27
2426.0,2,1989-04-28,1989-04-28
2427.0,2,1989-04-24,1989-04-24
2428.0,2,1989-04-28,1989-04-28
2429.0,2,1990-07-31,1990-07-31
2430.0,2,1990-08-01,1990-08-01
2431.0,2,1990-08-02,1990-08-02
2432.0,2,1990-08-03,1990-08-03
2433.0,2,1990-08-07,1990-08-07
2434.0,2,1990-08-07,1990-08-07
2435.0,2,1999-09-29,1999-09-29
2436.0,2,1999-09-30,1999-09-30
2437.0,2,2002-05-30,2002-05-30
2438.0,2,2002-05-31,2002-05-31
2439.0,2,2002-06-05,2002-06-05
2440.0,2,2002-06-05,2002-06-05
2441.0,2,2014-06-23,2014-06-23
2442.0,2,2014-06-23,2014-06-23
2443.0,2,2014-06-25,2014-06-25
2444.0,2,2014-06-25,2014-06-25
2445.0,2,2004-08-25,2004-08-25
2446.0,2,2004-08-25,2004-08-25
2447.0,2,2004-08-26,2004-08-26
2448.0,2,2004-08-26,2004-08-26
2449.0,2,1990-07-11,1990-07-11
2450.0,2,1990-07-11,1990-07-11
2451.0,2,1990-07-11,1990-07-11
2452.0,2,1990-07-11,1990-07-11
2453.0,2,1990-07-11,1990-07-11
2454.0,2,1990-07-11,1990-07-11
2455.0,2,1990-07-17,1990-07-17
2456.0,2,1990-07-17,1990-07-17
2457.0,2,1990-07-17,1990-07-17
2458.0,2,1990-07-11,1990-07-11
2459.0,2,1990-07-11,1990-07-11
2460.0,2,1990-07-11,1990-07-11
2461.0,2,1990-07-10,1990-07-10
2462.0,2,1990-07-10,1990-07-10
2463.0,2,1990-07-10,1990-07-10
2464.0,2,1990-07-11,1990-07-11
2465.0,2,1990-07-11,1990-07-11
2466.0,2,1990-07-11,1990-07-11
2467.0,2,1990-07-11,1990-07-11
2468.0,2,1990-07-11,1990-07-11
2469.0,2,1990-07-11,1990-07-11
2470.0,2,1990-07-11,1990-07-11
2471.0,2,1990-07-11,1990-07-11
2472.0,2,1990-07-11,1990-07-11
2473.0,2,1990-07-11,1990-07-11
2474.0,2,1990-07-11,1990-07-11
2475.0,2,1990-07-11,1990-07-11
2476.0,2,2012-08-13,2012-08-13
2477.0,2,2012-08-17,2012-08-17
2478.0,2,2012-08-13,2012-08-13
2479.0,2,2012-07-05,2012-07-05
2480.0,2,2012-08-13,2012-08-13
2481.0,2,2000-10-04,2000-10-04
2482.0,2,2000-10-05,2000-10-05
2483.0,2,2000-10-06,2000-10-06
2484.0,2,2000-10-09,2000-10-09
2485.0,2,2000-10-16,2000-10-16
2486.0,2,2000-10-17,2000-10-17
2487.0,2,2000-10-18,2000-10-18
2488.0,2,2000-10-19,2000-10-19
2489.0,2,1999-04-22,1999-04-22
2490.0,2,1999-05-17,1999-05-17
2491.0,2,1999-05-17,1999-05-17
2492.0,2,2005-08-15,2005-08-15
2493.0,2,2005-08-16,2005-08-16
2494.0,2,2005-08-17,2005-08-17
2495.0,2,2005-08-18,2005-08-18
2496.0,2,2008-05-20,2008-05-20
2497.0,2,2008-05-20,2008-05-20
2498.0,2,2008-05-19,2008-05-19
2499.0,2,2008-05-20,2008-05-20
2500.0,2,2008-09-02,2008-09-02
2501.0,2,2008-09-02,2008-09-02
2502.0,2,2008-09-01,2008-09-01
2503.0,2,2008-09-01,2008-09-01
2504.0,2,2008-08-28,2008-08-28
2505.0,2,2008-08-27,2008-08-27
2506.0,2,2008-08-28,2008-08-28
2507.0,2,2006-09-27,2006-09-27
2508.0,2,2006-09-27,2006-09-27
2509.0,2,2002-09-20,2002-09-20
2510.0,2,2002-09-19,2002-09-19
2511.0,2,2002-09-19,2002-09-19
2512.0,2,2002-09-17,2002-09-17
2513.0,2,2005-09-07,2005-09-07
2514.0,2,2005-09-07,2005-09-07
2515.0,2,2005-04-13,2005-04-13
2516.0,2,2005-04-13,2005-04-13
2517.0,2,2005-04-14,2005-04-14
2518.0,2,2005-04-14,2005-04-14
2519.0,2,2005-04-15,2005-04-15
2520.0,2,2005-04-18,2005-04-18
2521.0,2,2005-04-19,2005-04-19
2522.0,2,2005-04-21,2005-04-21
2523.0,2,2005-04-21,2005-04-21
2524.0,2,2005-04-30,2005-04-30
2525.0,2,2005-04-30,2005-04-30
2526.0,2,2005-04-20,2005-04-20
2527.0,2,2006-07-10,2006-07-10
2528.0,2,2006-07-10,2006-07-10
2529.0,2,2006-07-11,2006-07-11
2530.0,2,2006-07-11,2006-07-11
2531.0,2,2006-07-20,2006-07-20
2532.0,2,2006-07-20,2006-07-20
2533.0,2,1997-04-22,1997-04-22
2534.0,2,1997-04-23,1997-04-23
2535.0,2,1999-10-12,1999-10-12
2536.0,2,1999-10-11,1999-10-11
2537.0,2,1987-06-22,1987-06-22
2538.0,2,1987-06-22,1987-06-22
2539.0,2,1989-04-10,1989-04-10
2540.0,2,1989-04-11,1989-04-11
2541.0,2,1989-04-12,1989-04-12
2542.0,2,1990-09-19,1990-09-19
2543.0,2,1990-09-19,1990-09-19
2544.0,2,1990-09-19,1990-09-19
2545.0,2,1990-09-19,1990-09-19
2546.0,2,1990-09-19,1990-09-19
2547.0,2,1990-09-19,1990-09-19
2548.0,2,1990-09-19,1990-09-19
2549.0,2,1990-09-19,1990-09-19
2550.0,2,1990-09-20,1990-09-20
2551.0,2,1990-09-19,1990-09-19
2552.0,2,1990-09-20,1990-09-20
2553.0,2,1990-09-18,1990-09-18
2554.0,2,1990-09-18,1990-09-18
2555.0,2,1990-09-18,1990-09-18
2556.0,2,1990-09-19,1990-09-19
2557.0,2,1990-09-19,1990-09-19
2558.0,2,1990-09-19,1990-09-19
2559.0,2,2014-06-19,2014-06-19
2560.0,2,2014-06-19,2014-06-19
2561.0,2,2014-06-19,2014-06-19
2562.0,2,1991-11-04,1991-11-04
2563.0,2,1991-11-07,1991-11-07
2564.0,2,1991-11-11,1991-11-11
2565.0,2,1991-11-14,1991-11-14
2566.0,2,1990-04-25,1990-04-25
2567.0,2,1990-04-24,1990-04-24
2568.0,2,2001-08-29,2001-08-29
2569.0,2,2001-08-28,2001-08-28
2570.0,2,2001-08-28,2001-08-28
2571.0,2,2001-08-29,2001-08-29
2572.0,2,1993-08-17,1993-08-17
2573.0,2,1993-08-18,1993-08-18
2574.0,2,1993-08-18,1993-08-18
2575.0,2,1993-08-23,1993-08-23
2576.0,2,1993-08-20,1993-08-20
2577.0,2,1993-08-19,1993-08-19
2578.0,2,2004-08-17,2004-08-17
2579.0,2,2004-08-17,2004-08-17
2580.0,2,2004-08-17,2004-08-17
2581.0,2,2004-08-18,2004-08-18
2582.0,2,2004-08-18,2004-08-18
2583.0,2,2004-08-19,2004-08-19
2584.0,2,2006-08-14,2006-08-14
2585.0,2,2006-08-15,2006-08-15
2586.0,2,2010-11-08,2010-11-08
2587.0,2,2010-11-09,2010-11-09
2588.0,2,2010-11-09,2010-11-09
2589.0,2,2010-11-10,2010-11-10
2590.0,2,2010-11-10,2010-11-10
2591.0,2,2010-11-11,2010-11-11
2592.0,2,2014-06-17,2014-06-17
2593.0,2,2014-06-17,2014-06-17
2594.0,2,2014-06-18,2014-06-18
2595.0,2,2014-06-18,2014-06-18
2596.0,2,1995-04-20,1995-04-20
2597.0,2,1995-04-24,1995-04-24
2598.0,2,1995-04-28,1995-04-28
2599.0,2,1995-04-27,1995-04-27
2600.0,2,2008-07-08,2008-07-08
2601.0,2,2008-07-09,2008-07-09
2602.0,2,2008-07-08,2008-07-08
2603.0,2,2008-07-07,2008-07-07
2604.0,2,2006-09-19,2006-09-19
2605.0,2,2006-09-19,2006-09-19
2608.0,8,2011-05-24,2011-10-27
2609.0,2,1987-06-23,1987-06-23
2610.0,2,1987-06-24,1987-06-24
2611.0,2,2014-06-16,2014-06-16
2612.0,2,2014-06-17,2014-06-17
2613.0,2,2014-06-17,2014-06-17
2614.0,2,2014-06-18,2014-06-18
2615.0,2,1985-09-04,1985-09-04
2616.0,2,1985-09-04,1985-09-04
2617.0,2,1985-09-03,1985-09-03
2618.0,2,1985-09-03,1985-09-03
2619.0,2,1998-03-30,1998-03-30
2620.0,2,1998-03-31,1998-03-31
2621.0,2,1998-03-31,1998-03-31
2622.0,2,1998-03-31,1998-03-31
2623.0,2,1991-06-05,1991-06-05
2624.0,2,1991-06-05,1991-06-05
2625.0,2,1991-06-06,1991-06-06
2626.0,2,1994-05-02,1994-05-02
2627.0,2,1994-05-03,1994-05-03
2628.0,2,1994-09-01,1994-09-01
2629.0,2,1994-09-01,1994-09-01
2630.0,2,1997-04-15,1997-04-15
2631.0,2,1997-04-15,1997-04-15
2632.0,2,1996-10-30,1996-10-30
2633.0,2,1996-10-30,1996-10-30
2634.0,2,2011-07-18,2011-07-18
2635.0,2,2011-07-19,2011-07-19
2636.0,2,2011-07-19,2011-07-19
2637.0,2,2011-07-19,2011-07-19
2638.0,2,1994-10-13,1994-10-13
2639.0,2,1994-10-12,1994-10-12
2640.0,2,2005-04-08,2005-04-08
2641.0,2,2005-04-11,2005-04-11
2642.0,2,2005-04-12,2005-04-12
2643.0,2,2005-04-12,2005-04-12
2644.0,2,1993-09-02,1993-09-02
2645.0,2,1993-09-03,1993-09-03
2646.0,2,1993-09-06,1993-09-06
2647.0,2,1993-09-07,1993-09-07
2648.0,2,1993-09-08,1993-09-08
2649.0,2,2013-07-02,2013-07-02
2650.0,2,2013-07-02,2013-07-02
2651.0,2,1990-08-28,1990-08-28
2652.0,2,1990-08-28,1990-08-28
2653.0,2,1990-08-28,1990-08-28
2654.0,2,1990-10-15,1990-10-15
2655.0,2,1990-10-12,1990-10-12
2656.0,2,1990-10-11,1990-10-11
2657.0,2,2004-06-28,2004-06-28
2658.0,2,2004-06-29,2004-06-29
2659.0,2,2004-06-30,2004-06-30
2660.0,2,2004-07-01,2004-07-01
2661.0,2,2004-07-02,2004-07-02
2662.0,2,2012-08-15,2012-08-15
2663.0,2,2012-08-16,2012-08-16
2664.0,2,2012-08-16,2012-08-16
2665.0,2,2012-08-17,2012-08-17
2666.0,2,2012-08-16,2012-08-16
2667.0,2,2012-08-16,2012-08-16
2668.0,2,2006-08-23,2006-08-23
2669.0,2,2006-08-23,2006-08-23
2670.0,2,2006-08-24,2006-08-24
2671.0,2,2001-06-12,2001-06-12
2672.0,2,2001-06-14,2001-06-14
2673.0,2,2001-06-18,2001-06-18
2674.0,2,1999-06-24,1999-06-24
2675.0,2,1999-06-24,1999-06-24
2676.0,2,1999-06-24,1999-06-24
2677.0,2,1999-06-24,1999-06-24
2678.0,2,1995-09-27,1995-09-27
2679.0,2,1995-09-26,1995-09-26
2680.0,2,1999-06-21,1999-06-21
2681.0,2,1999-06-21,1999-06-21
2682.0,2,1999-06-21,1999-06-21
2683.0,2,1999-06-21,1999-06-21
2684.0,2,1995-09-27,1995-09-27
2685.0,2,1995-09-26,1995-09-26
2686.0,2,1995-09-28,1995-09-28
2687.0,2,1995-09-28,1995-09-28
2688.0,2,1995-09-29,1995-09-29
2689.0,2,1991-05-21,1991-05-21
2690.0,2,1991-05-22,1991-05-22
2691.0,2,1991-05-22,1991-05-22
2692.0,2,1991-05-22,1991-05-22
2693.0,2,1990-08-29,1990-08-29
2694.0,2,1990-08-29,1990-08-29
2695.0,2,1990-08-30,1990-08-30
2696.0,2,1992-08-18,1992-08-18
2697.0,2,1992-08-19,1992-08-19
2698.0,2,1992-08-20,1992-08-20
2699.0,2,1996-10-14,1996-10-14
2700.0,2,1996-10-14,1996-10-14
2701.0,2,1996-10-31,1996-10-31
2702.0,2,1996-11-01,1996-11-01
2703.0,2,2007-04-16,2007-04-16
2704.0,2,2007-04-17,2007-04-17
2705.0,2,2007-04-17,2007-04-17
2706.0,2,2007-04-18,2007-04-18
2707.0,2,2007-04-24,2007-04-24
2708.0,2,2007-04-24,2007-04-24
2709.0,2,2003-09-15,2003-09-15
2710.0,2,2003-09-16,2003-09-16
2711.0,2,2003-09-16,2003-09-16
2712.0,2,2003-09-17,2003-09-17
2713.0,2,2003-09-18,2003-09-18
2714.0,2,2003-09-18,2003-09-18
2715.0,2,2003-09-17,2003-09-17
2716.0,2,2009-06-24,2009-06-24
2717.0,2,2009-06-25,2009-06-25
2718.0,2,1992-04-02,1992-04-02
2719.0,2,1992-04-02,1992-04-02
2720.0,2,1992-04-03,1992-04-03
2721.0,2,1992-04-04,1992-04-04
2726.0,2,2002-09-09,2002-09-09
2727.0,2,2002-09-10,2002-09-10
2728.0,2,2002-09-11,2002-09-11
2729.0,2,2002-09-10,2002-09-10
2730.0,2,2004-08-02,2004-08-02
2731.0,2,2004-08-04,2004-08-04
2732.0,2,2004-08-03,2004-08-03
2733.0,2,2004-08-03,2004-08-03
2734.0,2,2004-08-11,2004-08-11
2735.0,2,2004-08-09,2004-08-09
2736.0,2,2004-08-09,2004-08-09
2737.0,2,2000-07-11,2000-07-11
2738.0,2,2000-07-12,2000-07-12
2739.0,2,2000-07-12,2000-07-12
2740.0,2,2000-07-21,2000-07-21
2741.0,2,2000-07-13,2000-07-13
2742.0,2,2000-07-13,2000-07-13
2743.0,2,1985-08-29,1985-08-29
2744.0,2,1985-08-28,1985-08-28
2745.0,2,1996-06-17,1996-06-17
2746.0,2,1996-06-14,1996-06-14
2747.0,2,1996-06-11,1996-06-11
2748.0,2,1996-06-13,1996-06-13
2749.0,2,2009-06-23,2009-06-23
2750.0,2,2009-06-23,2009-06-23
2751.0,2,2009-06-23,2009-06-23
2752.0,2,2009-06-23,2009-06-23
2753.0,2,2009-06-22,2009-06-22
2754.0,2,2009-06-22,2009-06-22
2755.0,2,2004-06-14,2004-06-14
2756.0,2,2004-06-14,2004-06-14
2757.0,2,2004-06-15,2004-06-15
2758.0,2,2004-06-15,2004-06-15
2759.0,2,2004-06-16,2004-06-16
2760.0,2,2004-06-16,2004-06-16
2761.0,2,2001-06-12,2001-06-12
2762.0,2,2001-06-13,2001-06-13
2763.0,2,2001-06-19,2001-06-19
2764.0,2,2001-06-20,2001-06-20
2765.0,2,2001-07-04,2001-07-04
2766.0,2,2001-07-05,2001-07-05
2767.0,2,1997-04-24,1997-04-24
2768.0,2,1997-04-23,1997-04-23
2769.0,2,1997-04-22,1997-04-22
2770.0,2,1998-05-15,1998-05-15
2771.0,2,1998-05-27,1998-05-27
2772.0,2,1998-06-22,1998-06-22
2773.0,2,2005-09-23,2005-09-23
2774.0,2,2005-09-22,2005-09-22
2775.0,2,2005-10-26,2005-10-26
2776.0,2,2005-09-22,2005-09-22
2777.0,2,2005-09-22,2005-09-22
2778.0,2,2005-09-21,2005-09-21
2779.0,2,2005-09-21,2005-09-21
2780.0,2,2005-09-21,2005-09-21
2781.0,2,2005-09-21,2005-09-21
2782.0,2,2005-09-20,2005-09-20
2783.0,2,2005-09-20,2005-09-20
2784.0,2,2005-09-20,2005-09-20
2785.0,2,1988-06-06,1988-06-06
2786.0,2,1988-06-07,1988-06-07
2787.0,2,1988-06-07,1988-06-07
2788.0,2,1992-10-05,1992-10-05
2789.0,2,1992-10-06,1992-10-06
2790.0,2,1992-10-07,1992-10-07
2791.0,2,1992-10-14,1992-10-14
2792.0,2,1992-10-13,1992-10-13
2793.0,2,1992-10-08,1992-10-08
2794.0,2,1992-10-12,1992-10-12
2795.0,2,1994-06-13,1994-06-13
2796.0,2,1994-06-13,1994-06-13
2797.0,2,1994-06-14,1994-06-14
2798.0,2,1994-06-14,1994-06-14
2799.0,2,1985-09-04,1985-09-04
2800.0,2,1985-09-05,1985-09-05
2801.0,2,1985-09-03,1985-09-03
2802.0,2,1991-03-18,1991-03-18
2803.0,2,1991-03-19,1991-03-19
2804.0,2,1991-03-20,1991-03-20
2805.0,2,1991-03-14,1991-03-14
2806.0,2,1987-06-25,1987-06-25
2807.0,2,1987-06-25,1987-06-25
2808.0,2,1987-06-26,1987-06-26
2809.0,2,1987-06-26,1987-06-26
2810.0,2,2006-09-07,2006-09-07
2811.0,2,2006-09-07,2006-09-07
2821.0,1,2020-04-07,2020-04-07
2822.0,1,2020-04-08,2020-04-08
2823.0,1,2020-04-08,2020-04-08
2824.0,1,2020-04-07,2020-04-07
2838.0,1,2020-08-27,2020-08-27
2839.0,1,2020-08-26,2020-08-26
2840.0,1,2020-09-02,2020-09-02
2841.0,1,2020-08-28,2020-08-28
2842.0,1,2020-08-28,2020-08-28
2843.0,1,2020-09-04,2020-09-04
2844.0,1,2020-09-04,2020-09-04
2845.0,1,2020-08-24,2020-08-24
2846.0,1,2020-08-24,2020-08-24
2847.0,1,2020-08-26,2020-08-26
2848.0,1,2020-08-26,2020-08-26
2849.0,1,2020-08-24,2020-08-24
2850.0,1,2020-08-25,2020-08-25
2851.0,1,2020-08-25,2020-08-25
2852.0,1,2020-08-25,2020-08-25
2853.0,1,2020-08-27,2020-08-27
2854.0,1,2020-08-27,2020-08-27
2855.0,1,2020-08-27,2020-08-27
2858.0,1,2020-04-09,2020-04-09
2859.0,1,2020-04-09,2020-04-09
2886.0,1,2020-04-23,2020-04-23
2887.0,1,2020-04-23,2020-04-23
2888.0,1,2020-04-22,2020-04-22
2889.0,1,2020-04-22,2020-04-22
2890.0,1,2020-04-21,2020-04-21
2891.0,1,2020-04-21,2020-04-21
2893.0,1,2020-04-16,2020-04-16
2894.0,1,2020-04-15,2020-04-15
2896.0,2,2020-04-15,2020-04-21
2897.0,2,2020-04-14,2020-04-20
2898.0,1,2020-04-16,2020-04-16
2899.0,1,2020-04-17,2020-04-17
2900.0,1,2020-04-21,2020-04-21
2906.0,1,2020-04-01,2020-04-01
2907.0,1,2020-04-01,2020-04-01
2908.0,1,2020-04-02,2020-04-02
2910.0,1,2020-04-14,2020-04-14
2911.0,1,2020-04-02,2020-04-02
2912.0,1,2020-04-03,2020-04-03
2913.0,1,2020-04-06,2020-04-06
2914.0,1,2020-04-01,2020-04-01
2918.0,1,2019-02-11,2019-02-11
2919.0,1,2019-02-13,2019-02-13
2920.0,1,2019-02-14,2019-02-14
2926.0,1,2019-02-22,2019-02-22
2927.0,1,2019-02-21,2019-02-21
2928.0,1,2019-02-19,2019-02-19
2929.0,1,2019-02-18,2019-02-18
2932.0,1,2019-02-27,2019-02-27
2933.0,1,2019-02-27,2019-02-27
2934.0,1,2019-03-06,2019-03-06
2935.0,1,2019-03-07,2019-03-07
2936.0,1,2019-02-15,2019-02-15
2938.0,1,2019-02-20,2019-02-20
2939.0,1,2019-03-01,2019-03-01
2940.0,1,2019-02-25,2019-02-25
2941.0,1,2019-03-08,2019-03-08
2942.0,1,2019-03-11,2019-03-11
2943.0,1,2019-03-11,2019-03-11
2945.0,1,2019-03-13,2019-03-13
2946.0,1,2019-03-13,2019-03-13
2947.0,1,2019-03-04,2019-03-04
2948.0,1,2019-03-05,2019-03-05
2949.0,1,2019-03-19,2019-03-19
2950.0,1,2019-03-20,2019-03-20
2951.0,1,2019-03-19,2019-03-19
2953.0,1,2019-03-15,2019-03-15
2954.0,1,2019-03-14,2019-03-14
2955.0,1,2019-03-18,2019-03-18
2957.0,1,2020-03-16,2020-03-16
2958.0,1,2020-03-17,2020-03-17
2959.0,1,2020-03-17,2020-03-17
2960.0,1,2020-03-18,2020-03-18
2961.0,1,2020-03-18,2020-03-18
2962.0,1,2020-03-19,2020-03-19
2964.0,1,2020-03-19,2020-03-19
2968.0,1,2020-03-25,2020-03-25
2969.0,1,2020-03-25,2020-03-25
2991.0,1,2020-07-28,2020-07-28
2992.0,1,2020-07-28,2020-07-28
2994.0,1,2020-07-30,2020-07-30
2995.0,1,2020-07-30,2020-07-30
2996.0,1,2020-07-30,2020-07-30
2998.0,1,2020-07-30,2020-07-30
2999.0,1,2020-07-30,2020-07-30
3000.0,1,2020-07-31,2020-07-31
3002.0,2,1990-01-01,1990-01-01
3003.0,2,1990-01-01,1990-01-01
3004.0,2,1990-01-01,1990-01-01
3007.0,1,2019-04-29,2019-04-29
3008.0,1,2019-04-26,2019-04-26
3009.0,1,2019-04-26,2019-04-26
3010.0,1,2019-04-25,2019-04-25
3013.0,1,2020-08-31,2020-08-31
3014.0,1,2020-09-01,2020-09-01
3015.0,1,2020-09-01,2020-09-01
3018.0,2,2018-10-08,2018-10-08
3019.0,2,2018-10-08,2018-10-08
3020.0,2,2018-10-08,2018-10-08
3021.0,2,2018-10-08,2018-10-08
3022.0,2,2018-10-08,2018-10-08
3023.0,2,2018-10-08,2018-10-08
3025.0,2,2018-11-26,2018-11-26
3026.0,2,2018-11-26,2018-11-26
3027.0,2,2018-12-04,2018-12-04
3028.0,2,2018-11-27,2018-11-27
3030.0,1,2018-11-21,2018-11-21
3031.0,1,2018-11-21,2018-11-21
3034.0,1,2019-04-23,2019-04-23
3035.0,1,2019-04-24,2019-04-24
3036.0,1,2019-04-24,2019-04-24
3037.0,1,2019-04-23,2019-04-23
3039.0,1,2019-06-20,2019-06-20
3040.0,1,2019-06-20,2019-06-20
3041.0,1,2019-06-20,2019-06-20
3042.0,1,2019-06-19,2019-06-19
3043.0,1,2019-06-06,2019-06-06
3044.0,1,2019-06-06,2019-06-06
3046.0,1,2019-06-13,2019-06-13
3047.0,1,2019-06-13,2019-06-13
3048.0,1,2019-06-13,2019-06-13
3051.0,1,2019-05-23,2019-05-23
3052.0,1,2019-05-23,2019-05-23
3053.0,1,2019-05-23,2019-05-23
3055.0,1,2019-04-30,2019-04-30
3056.0,1,2019-04-30,2019-04-30
3057.0,1,2019-05-02,2019-05-02
3058.0,1,2019-06-19,2019-06-19
3060.0,1,2019-05-03,2019-05-03
3061.0,1,2019-05-02,2019-05-02
3062.0,1,2019-05-03,2019-05-03
3063.0,2,2019-07-03,2019-07-03
3064.0,2,2019-07-03,2019-07-03
3067.0,2,1990-01-01,1990-01-01
3068.0,2,1990-01-01,1990-01-01
3071.0,2,2018-11-19,2018-11-19
3072.0,2,2018-11-19,2018-11-19
3073.0,2,2018-11-20,2018-11-20
3074.0,2,2018-11-20,2018-11-20
3075.0,2,2018-11-19,2018-11-19
3077.0,2,1990-01-01,1990-01-01
3078.0,2,1990-01-01,1990-01-01
3080.0,2,1990-01-01,1990-01-01
3081.0,2,1990-01-01,1990-01-01
3082.0,2,1990-01-01,1990-01-01
3083.0,2,1990-01-01,1990-01-01
3087.0,1,2019-04-01,2019-04-01
3088.0,2,2019-03-29,2019-04-09
3089.0,2,2019-03-29,2019-04-09
3090.0,1,2019-03-28,2019-03-28
3091.0,1,2019-03-28,2019-03-28
3092.0,1,2019-04-01,2019-04-01
3093.0,1,2019-04-02,2019-04-02
3094.0,1,2019-04-02,2019-04-02
3098.0,1,2019-04-11,2019-04-11
3099.0,1,2019-04-11,2019-04-11
3100.0,1,2019-04-12,2019-04-12
3104.0,1,2019-08-02,2019-08-02
3105.0,1,2019-08-08,2019-08-08
3106.0,1,2019-08-08,2019-08-08
3108.0,1,2019-08-07,2019-08-07
3109.0,1,2019-08-07,2019-08-07
3111.0,1,2019-07-31,2019-07-31
3112.0,1,2019-08-01,2019-08-01
3113.0,1,2019-08-01,2019-08-01
3114.0,1,2019-07-25,2019-07-25
3115.0,1,2019-07-31,2019-07-31
3116.0,1,2019-07-25,2019-07-25
3117.0,1,2019-07-24,2019-07-24
3118.0,1,2019-07-24,2019-07-24
3119.0,1,1990-01-01,1990-01-01
3120.0,1,2019-07-23,2019-07-23
3121.0,1,2019-07-22,2019-07-22
3122.0,1,2019-07-30,2019-07-30
3123.0,1,2019-07-30,2019-07-30
3124.0,1,2019-07-26,2019-07-26
3147.0,2,2019-04-05,2019-09-16
3148.0,1,2019-09-16,2019-09-16
3149.0,1,2019-09-16,2019-09-16
3150.0,1,2019-09-26,2019-09-26
3151.0,1,2019-09-17,2019-09-17
3152.0,1,2019-09-17,2019-09-17
3154.0,1,2019-09-27,2019-09-27
3155.0,1,2019-09-27,2019-09-27
3156.0,1,2019-09-27,2019-09-27
3209.0,1,1990-01-01,1990-01-01
3210.0,1,1990-01-01,1990-01-01
3211.0,1,1990-01-01,1990-01-01
3212.0,1,1990-01-01,1990-01-01
3213.0,1,1990-01-01,1990-01-01
3234.0,1,2020-08-12,2020-08-12
3235.0,1,2020-08-12,2020-08-12
3236.0,1,2020-08-12,2020-08-12
3237.0,1,2020-08-14,2020-08-14
3238.0,1,2020-08-14,2020-08-14
3239.0,1,2020-08-13,2020-08-13
3240.0,1,2020-08-13,2020-08-13
3241.0,1,2020-08-12,2020-08-12
3243.0,1,2020-08-10,2020-08-10
3244.0,1,2020-08-10,2020-08-10
3245.0,1,2020-08-10,2020-08-10
3246.0,1,2020-08-06,2020-08-06
3247.0,1,2020-08-06,2020-08-06
3248.0,1,2020-08-06,2020-08-06
3250.0,1,2020-08-04,2020-08-04
3251.0,1,2020-08-04,2020-08-04
3252.0,1,2020-08-04,2020-08-04
3253.0,1,2020-08-04,2020-08-04
3254.0,1,2020-08-07,2020-08-07
3255.0,1,2020-08-07,2020-08-07
3256.0,1,2020-08-11,2020-08-11
3258.0,1,2020-08-13,2020-08-13
3259.0,1,2020-08-05,2020-08-05
3260.0,1,2020-08-05,2020-08-05
3261.0,1,2020-08-05,2020-08-05
3262.0,1,2020-08-13,2020-08-13
3263.0,1,2020-08-11,2020-08-11
3264.0,1,2020-08-03,2020-08-03
3265.0,1,2020-08-03,2020-08-03
3266.0,1,2020-08-03,2020-08-03
3269.0,2,2019-05-07,2019-05-07
3270.0,2,2019-05-07,2019-05-07
3271.0,2,2019-05-07,2019-05-16
3272.0,2,2019-05-20,2019-06-05
3273.0,2,2019-05-15,2019-06-05
3274.0,2,2019-05-16,2019-06-11
3275.0,2,2019-05-17,2019-05-21
3276.0,2,2019-05-20,2019-05-28
3277.0,2,2019-05-15,2019-06-07
3278.0,2,2009-05-09,2019-06-03
3280.0,1,1990-01-01,1990-01-01
3281.0,1,2019-05-08,2019-05-08
3282.0,1,2019-05-08,2019-05-08
3284.0,1,2019-05-14,2019-05-14
3285.0,1,2019-05-14,2019-05-14
3286.0,1,2019-05-06,2019-05-06
3287.0,1,2019-05-06,2019-05-06
3289.0,1,1990-01-01,1990-01-01
3290.0,1,2019-05-29,2019-05-29
3291.0,1,2019-05-21,2019-05-21
3292.0,1,2019-06-04,2019-06-04
3293.0,1,2019-06-04,2019-06-04
3294.0,1,2019-05-28,2019-05-28
3296.0,1,2019-06-12,2019-06-12
3297.0,1,2019-06-07,2019-06-07
3298.0,1,2019-06-11,2019-06-11
3299.0,1,2019-06-09,2019-06-09
3300.0,1,2019-05-09,2019-05-09
3503.0,24,2021-01-07,2021-01-07
3504.0,24,2021-01-07,2021-01-07
3505.0,24,2021-01-07,2021-01-07
3506.0,24,2021-01-07,2021-01-07
3507.0,24,2021-01-07,2021-01-07
3509.0,24,2021-01-07,2021-01-07
3510.0,24,2021-01-08,2021-01-08
3511.0,24,2021-01-08,2021-01-08
3512.0,24,2021-01-08,2021-01-08
3513.0,24,2021-01-08,2021-01-08
3515.0,16,2021-01-15,2021-01-15
3516.0,16,2021-01-15,2021-01-15
3517.0,16,2021-01-19,2021-01-19
3518.0,16,2021-01-19,2021-01-19
3519.0,16,2021-01-20,2021-01-20
3520.0,16,2021-01-20,2021-01-20
3521.0,16,2021-01-20,2021-01-20
3522.0,16,2021-01-13,2021-01-13
3523.0,16,2021-01-13,2021-01-13
3524.0,24,2021-01-06,2021-01-06
3525.0,24,2021-01-06,2021-01-06
3527.0,24,2021-01-18,2021-01-18
3528.0,24,2021-01-18,2021-01-18
3529.0,24,2021-01-21,2021-01-21
3531.0,24,2021-01-18,2021-01-18
3532.0,24,2021-01-19,2021-01-19
3533.0,24,2021-01-19,2021-01-19
3534.0,24,2021-01-19,2021-01-19
3540.0,12,2021-01-18,2021-01-18
3541.0,12,2021-01-21,2021-01-21
3543.0,29,2021-01-06,2021-01-18
3544.0,32,2021-01-13,2021-01-21
3545.0,29,2021-01-13,2021-01-20
3547.0,16,2021-01-05,2021-01-05
3548.0,16,2021-01-05,2021-01-05
3549.0,16,2021-01-05,2021-01-05
3550.0,16,2021-01-05,2021-01-05
3559.0,18,2021-01-12,2021-01-12
3560.0,18,2021-01-12,2021-01-12
3561.0,21,2021-01-12,2021-01-12
3562.0,21,2021-01-12,2021-01-12
3563.0,18,2021-01-12,2021-01-12
3564.0,21,2021-01-08,2021-01-08
3567.0,24,2020-07-01,2020-07-01
3568.0,24,2020-07-01,2020-07-01
3569.0,24,2020-07-01,2020-07-01
3570.0,24,2020-06-30,2020-06-30
3571.0,24,2020-06-30,2020-06-30
3572.0,24,2020-06-29,2020-06-29
3573.0,24,2020-06-30,2020-06-30
3574.0,24,2020-07-01,2020-07-01
3575.0,24,2020-06-29,2020-06-29
3577.0,32,2020-07-01,2020-07-01
3578.0,24,2020-07-01,2020-07-01
3579.0,24,2020-07-01,2020-07-01
3580.0,24,2020-07-01,2020-07-01
3581.0,24,2020-07-02,2020-07-02
3582.0,24,2020-07-02,2020-07-02
3583.0,24,2020-07-02,2020-07-02
3584.0,24,2020-07-02,2020-07-02
3586.0,54,2020-07-06,2020-07-06
3588.0,27,2020-07-06,2020-07-06
3589.0,36,2020-07-09,2020-07-09
3590.0,36,2020-07-09,2020-07-09
3591.0,27,2020-07-07,2020-07-07
3592.0,27,2020-07-07,2020-07-07
3593.0,27,2020-07-07,2020-07-07
3594.0,27,2020-07-07,2020-07-07
3596.0,27,2020-07-07,2020-07-07
3597.0,27,2020-07-07,2020-07-07
3598.0,27,2020-07-07,2020-07-07
3599.0,27,2020-07-08,2020-07-08
3600.0,27,2020-07-21,2020-07-21
3601.0,27,2020-07-08,2020-07-08
3603.0,24,2020-07-08,2020-07-08
3604.0,24,2020-07-08,2020-07-08
3605.0,24,2020-07-08,2020-07-08
3606.0,24,2020-07-08,2020-07-08
3607.0,24,2020-07-08,2020-07-08
3608.0,24,2020-07-08,2020-07-08
3643.0,15,2020-10-30,2020-10-30
3644.0,15,2020-10-30,2020-10-30
3645.0,15,2020-10-29,2020-10-29
3646.0,15,2020-10-29,2020-10-29
3647.0,15,2020-10-29,2020-10-29
3648.0,15,2020-10-29,2020-10-29
3649.0,15,2020-10-29,2020-10-29
3650.0,15,2020-10-29,2020-10-29
3651.0,15,2020-10-29,2020-10-29
3652.0,15,2020-10-29,2020-10-29
3654.0,21,2020-08-12,2020-08-12
3655.0,21,2020-08-12,2020-08-12
3657.0,23,2020-07-29,2020-07-29
3658.0,23,2020-07-29,2020-07-29
3659.0,23,2020-07-28,2020-07-28
3660.0,23,2020-07-28,2020-07-28
3661.0,23,2020-07-28,2020-07-28
3662.0,24,2020-07-28,2020-07-28
3663.0,24,2020-07-28,2020-07-28
3665.0,20,2020-07-27,2020-07-27
3666.0,20,2020-07-27,2020-07-27
3667.0,21,2020-07-27,2020-07-27
3668.0,21,2020-07-27,2020-07-27
3669.0,21,2020-07-27,2020-07-27
3670.0,21,2020-07-27,2020-07-27
3672.0,21,2020-07-24,2020-07-24
3673.0,21,2020-07-24,2020-07-24
3674.0,21,2020-07-24,2020-07-24
3675.0,21,2020-07-24,2020-07-24
3677.0,24,2020-07-21,2020-07-21
3678.0,24,2020-07-21,2020-07-21
3679.0,24,2020-07-21,2020-07-21
3680.0,24,2020-07-22,2020-07-22
3681.0,24,2020-07-22,2020-07-22
3682.0,24,2020-07-22,2020-07-22
3683.0,24,2020-07-22,2020-07-22
3684.0,24,2020-07-22,2020-07-22
3685.0,24,2020-07-22,2020-07-22
3686.0,24,2020-07-22,2020-07-22
3688.0,24,2020-07-22,2020-07-22
3689.0,24,2020-07-23,2020-07-23
3690.0,24,2020-07-23,2020-07-23
3691.0,24,2020-07-23,2020-07-23
3692.0,24,2020-07-23,2020-07-23
3693.0,24,2020-07-23,2020-07-23
3694.0,24,2020-07-23,2020-07-23
3703.0,18,2020-08-05,2020-08-05
3704.0,18,2020-08-05,2020-08-05
3705.0,18,2020-08-11,2020-08-11
3706.0,18,2020-08-11,2020-08-11
3707.0,18,2020-08-11,2020-08-11
3708.0,18,2020-08-11,2020-08-11
3709.0,18,2020-08-11,2020-08-11
3711.0,18,2020-08-10,2020-08-10
3712.0,18,2020-08-10,2020-08-10
3713.0,18,2020-08-10,2020-08-10
3714.0,18,2020-08-05,2020-08-05
3715.0,18,2020-08-05,2020-08-05
3716.0,18,2020-08-05,2020-08-05
3718.0,18,2020-07-30,2020-07-30
3719.0,18,2020-07-30,2020-07-30
3720.0,18,2020-07-30,2020-07-30
3721.0,18,2020-07-30,2020-07-30
3722.0,18,2020-07-30,2020-07-30
3723.0,18,2020-07-30,2020-07-30
3724.0,18,2020-07-30,2020-07-30
3726.0,18,2020-07-30,2020-07-30
3727.0,18,2020-07-30,2020-07-30
3728.0,18,2020-07-29,2020-07-29
3729.0,18,2020-07-29,2020-07-29
3731.0,18,2020-09-08,2020-09-08
3732.0,18,2020-09-08,2020-09-08
3733.0,18,2020-09-08,2020-09-08
3734.0,18,2020-09-08,2020-09-08
3735.0,18,2020-09-08,2020-09-08
3736.0,18,2020-09-08,2020-09-08
3737.0,18,2020-09-08,2020-09-08
3738.0,18,2020-09-08,2020-09-08
3740.0,18,2020-08-12,2020-08-12
3741.0,18,2020-08-12,2020-08-12
3742.0,18,2020-08-12,2020-08-12
3743.0,18,2020-08-12,2020-08-12
3744.0,18,2020-08-12,2020-08-12
3745.0,18,2020-08-05,2020-08-05
3746.0,18,2020-08-05,2020-08-05
3748.0,15,2020-09-10,2020-09-10
3749.0,15,2020-09-10,2020-09-10
3750.0,15,2020-09-10,2020-09-10
3751.0,15,2020-09-10,2020-09-10
3752.0,15,2020-09-10,2020-09-10
3753.0,15,2020-09-10,2020-09-10
3755.0,15,2020-09-11,2020-09-11
3756.0,15,2020-09-11,2020-09-11
3757.0,15,2020-09-11,2020-09-11
3758.0,15,2020-09-11,2020-09-11
3759.0,15,2020-09-11,2020-09-11
3761.0,15,2020-10-02,2020-10-02
3762.0,15,2020-10-02,2020-10-02
3763.0,15,2020-10-05,2020-10-05
3764.0,15,2020-09-29,2020-09-29
3765.0,15,2020-09-29,2020-09-29
3766.0,16,2020-09-29,2020-09-29
3767.0,14,2020-09-29,2020-09-29
3768.0,15,2020-09-30,2020-09-30
3769.0,15,2020-09-30,2020-09-30
3770.0,15,2020-09-30,2020-09-30
3771.0,15,2020-09-30,2020-09-30
3773.0,16,2020-10-07,2020-10-07
3774.0,12,2020-10-07,2020-10-07
3775.0,12,2020-10-07,2020-10-07
3776.0,16,2020-10-06,2020-10-06
3778.0,16,2020-10-06,2020-10-06
3779.0,16,2020-10-07,2020-10-07
3780.0,16,2020-10-07,2020-10-07
3781.0,16,2020-10-07,2020-10-07
3782.0,24,2020-10-07,2020-10-07
3784.0,24,2020-07-23,2020-07-23
3785.0,24,2020-07-23,2020-07-23
3786.0,24,2020-08-04,2020-08-04
3787.0,24,2020-08-04,2020-08-04
3788.0,24,2020-08-04,2020-08-04
3789.0,24,2020-08-04,2020-08-04
3790.0,24,2020-08-05,2020-08-05
3791.0,24,2020-08-05,2020-08-05
3794.0,24,2020-09-30,2020-09-30
3795.0,45,2020-10-01,2020-10-01
3796.0,18,2020-10-01,2020-10-01
3798.0,24,2020-09-30,2020-09-30
3799.0,24,2020-09-30,2020-09-30
3800.0,24,2020-09-30,2020-09-30
3802.0,16,2020-10-01,2020-10-01
3803.0,15,2020-10-01,2020-10-01
3804.0,15,2020-10-02,2020-10-02
3805.0,31,2020-10-01,2020-10-02
3807.0,15,2020-10-01,2020-10-01
3808.0,16,2020-10-22,2020-10-22
3810.0,16,2020-10-22,2020-10-22
3811.0,15,2020-10-27,2020-10-27
3812.0,15,2020-10-27,2020-10-27
3813.0,15,2020-10-27,2020-10-27
3814.0,16,2020-10-21,2020-10-27
3815.0,14,2020-10-21,2020-10-21
3816.0,15,2020-10-21,2020-10-21
3817.0,15,2020-10-21,2020-10-21
3818.0,15,2020-10-21,2020-10-21
3819.0,15,2020-10-21,2020-10-21
3820.0,15,2020-10-20,2020-10-20
3821.0,15,2020-10-20,2020-10-20
3822.0,15,2020-10-20,2020-10-20
3823.0,16,2020-10-22,2020-10-22
3824.0,16,2020-10-28,2020-10-28
3825.0,16,2020-10-27,2020-10-27
3826.0,16,2020-10-27,2020-10-27
3827.0,16,2020-10-27,2020-10-27
3828.0,16,2020-10-27,2020-10-27
3829.0,16,2020-10-28,2020-10-28
3830.0,16,2020-10-28,2020-10-28
3832.0,15,2020-10-12,2020-10-12
3833.0,15,2020-10-12,2020-10-12
3834.0,15,2020-10-12,2020-10-12
3835.0,15,2020-10-12,2020-10-12
3836.0,15,2020-10-12,2020-10-12
3838.0,21,2020-10-08,2020-10-08
3839.0,21,2020-10-08,2020-10-08
3840.0,21,2020-10-08,2020-10-08
3841.0,21,2020-10-08,2020-10-08
3842.0,21,2020-10-08,2020-10-08
3843.0,21,2020-10-08,2020-10-08
3844.0,21,2020-10-08,2020-10-08
3845.0,16,2020-10-23,2020-10-23
3846.0,16,2020-10-23,2020-10-23
3848.0,16,2020-10-13,2020-10-13
3849.0,16,2020-10-13,2020-10-13
3850.0,16,2020-10-13,2020-10-13
3851.0,16,2020-10-13,2020-10-13
3852.0,16,2020-10-20,2020-10-20
3853.0,16,2020-10-13,2020-10-13
3854.0,16,2020-10-13,2020-10-13
3855.0,16,2020-10-13,2020-10-13
3856.0,16,2020-10-13,2020-10-13
3857.0,16,2020-10-13,2020-10-13
3859.0,16,2020-10-22,2020-10-22
3860.0,16,2020-10-22,2020-10-22
3861.0,14,2020-10-22,2020-10-22
3882.0,21,2021-02-03,2021-02-03
3883.0,21,2021-02-03,2021-02-03
3884.0,21,2021-02-03,2021-02-03
3885.0,21,2021-02-03,2021-02-03
3886.0,21,2021-02-03,2021-02-03
3887.0,21,2021-02-03,2021-02-03
3888.0,21,2021-02-03,2021-02-03
3889.0,21,2021-02-03,2021-02-03
3890.0,21,2021-02-02,2021-02-02
3891.0,21,2021-02-02,2021-02-02
3893.0,21,2021-02-02,2021-02-02
3894.0,21,2021-02-02,2021-02-02
3895.0,21,2021-02-02,2021-02-02
3896.0,21,2021-02-02,2021-02-02
3897.0,21,2021-02-02,2021-02-02
3898.0,21,2021-02-02,2021-02-02
3899.0,21,2021-02-02,2021-02-02
3900.0,21,2021-02-02,2021-02-02
3901.0,21,2021-02-02,2021-02-02
3902.0,21,2021-02-02,2021-02-02
3903.0,21,2021-02-01,2021-02-01
3904.0,21,2021-02-01,2021-02-01
3905.0,21,2021-02-01,2021-02-01
3906.0,21,2021-02-01,2021-02-01
3907.0,21,2021-02-01,2021-02-01
3908.0,21,2021-02-01,2021-02-01
3961.0,1,2024-06-13,2024-06-13
3962.0,1,2024-06-14,2024-06-14
3963.0,1,2024-06-10,2024-06-10
3964.0,1,2024-06-12,2024-06-12
3965.0,1,2024-06-12,2024-06-12
4555.0,24,2020-08-13,2020-08-13
4556.0,24,2020-08-13,2020-08-13
4557.0,18,2020-08-13,2020-08-13
4558.0,18,2020-08-13,2020-08-13
4559.0,16,2020-08-13,2020-08-13
4560.0,16,2020-08-13,2020-08-13
4714.0,16,2020-09-29,2020-09-29
4715.0,24,2020-09-28,2020-09-28
4716.0,24,2020-09-28,2020-09-28
4794.0,15,2021-02-04,2021-02-04
4795.0,15,2021-02-04,2021-02-04
4796.0,15,2021-02-04,2021-02-04
4797.0,15,2021-02-04,2021-02-04
4798.0,15,2021-02-04,2021-02-04
4799.0,15,2021-02-04,2021-02-04
4800.0,15,2021-02-04,2021-02-04
4801.0,15,2021-02-04,2021-02-04
4802.0,15,2021-02-04,2021-02-04
4803.0,15,2021-02-04,2021-02-04
4804.0,15,2021-02-04,2021-02-04
4805.0,15,2021-02-04,2021-02-04
,2,2020-01-23,2020-01-24
